1385074800,14.88,15.06,14.94,14.69,0.00,0,0,0,0,0.0
1385074860,14.81,15.00,14.94,14.69,0.00,0,0,0,0,0.0
1385074920,14.81,15.00,14.94,14.69,0.00,0,0,0,0,0.0
1385074980,14.81,15.00,14.94,14.69,0.00,0,0,0,0,0.0
1385075040,14.75,15.00,14.94,14.69,0.00,0,0,0,0,0.0
1385075100,14.75,15.00,14.94,14.63,0.00,0,0,0,0,0.0
1385075160,14.75,14.94,14.88,14.63,0.00,0,0,0,0,0.0
1385075220,14.81,14.94,14.88,14.63,0.00,0,0,0,0,0.0
1385075280,14.75,14.94,14.88,14.63,0.00,0,0,0,0,0.0
1385075340,14.75,14.94,14.88,14.63,0.00,0,0,0,0,0.0
1385075400,14.75,14.94,14.88,14.63,0.00,0,0,0,0,0.0
1385075460,14.75,14.94,14.88,14.56,0.00,0,0,0,0,0.0
1385075520,14.69,14.88,14.81,14.56,0.00,0,0,0,0,0.0
1385075580,14.69,14.88,14.81,14.56,0.00,0,0,0,0,0.0
1385075640,14.69,14.88,14.81,14.56,0.00,0,0,0,0,0.0
1385075700,14.75,14.88,14.81,14.56,0.00,0,0,0,0,0.0
1385075761,14.69,14.88,14.81,14.56,0.00,0,0,0,0,0.0
1385075820,14.69,14.88,14.81,14.56,0.00,0,0,0,0,0.0
1385075880,14.69,14.81,14.81,14.56,0.00,0,0,0,0,0.0
1385075940,14.69,14.88,14.81,14.56,0.00,0,0,0,0,0.0
1385076000,14.69,14.88,14.75,14.56,0.00,0,0,0,0,0.0
1385076060,14.69,14.81,14.81,14.63,0.00,0,0,0,0,0.0
1385076120,14.69,14.81,14.81,14.56,0.00,0,0,0,0,0.0
1385076180,14.69,14.81,14.75,14.50,0.00,0,0,0,0,0.0
1385076240,14.69,14.81,14.75,14.50,0.00,0,0,0,0,0.0
1385076300,14.69,14.81,14.75,14.56,0.00,0,0,0,0,0.0
1385076360,14.69,14.81,14.75,14.50,0.00,0,0,0,0,0.0
1385076420,14.69,14.81,14.75,14.50,0.00,0,0,0,0,0.0
1385076480,14.69,14.81,14.75,14.50,0.00,0,0,0,0,0.0
1385076540,14.69,14.81,14.75,14.50,0.00,0,0,0,0,0.0
1385076600,14.63,14.81,14.75,14.50,0.00,0,0,0,0,0.0
1385076660,14.63,14.75,14.75,14.44,0.00,0,0,0,0,0.0
1385076720,14.63,14.75,14.75,14.50,0.00,0,0,0,0,0.0
1385076780,14.63,14.81,14.69,14.50,0.00,0,0,0,0,0.0
1385076840,14.63,14.75,14.69,14.50,0.00,0,0,0,0,0.0
1385076900,14.63,14.75,14.69,14.50,0.00,0,0,0,0,0.0
1385076960,14.63,14.81,14.69,14.50,0.00,0,0,0,0,0.0
1385077020,14.63,14.75,14.69,14.50,0.00,0,0,0,0,0.0
1385077080,14.63,14.75,14.69,14.44,0.00,0,0,0,0,0.0
1385077140,14.63,14.75,14.69,14.44,0.00,0,0,0,0,0.0
1385077200,14.63,14.75,14.69,14.50,0.00,0,0,0,0,0.0
1385077260,14.56,14.75,14.69,14.50,0.00,0,0,0,0,0.0
1385077320,14.63,14.75,14.69,14.50,0.00,0,0,0,0,0.0
1385077380,14.63,14.75,14.69,14.50,0.00,0,0,0,0,0.0
1385077440,14.56,14.75,14.69,14.44,0.00,0,0,0,0,0.0
1385077500,14.63,14.75,14.63,14.44,0.00,0,0,0,0,0.0
1385077560,14.56,14.75,14.63,14.44,0.00,0,0,0,0,0.0
1385077620,14.56,14.75,14.63,14.44,0.00,0,0,0,0,0.0
1385077680,14.50,14.75,14.63,14.44,0.00,0,0,0,0,0.0
1385077740,14.56,14.69,14.63,14.44,0.00,0,0,0,0,0.0
1385077800,14.56,14.69,14.63,14.44,0.00,0,0,0,0,0.0
1385077860,14.50,14.69,14.63,14.44,0.00,0,0,0,0,0.0
1385077920,14.50,14.69,14.63,14.38,0.00,0,0,0,0,0.0
1385077980,14.50,14.69,14.63,14.44,0.00,0,0,0,0,0.0
1385078040,14.50,14.69,14.56,14.44,0.00,0,0,0,0,0.0
1385078100,14.50,14.69,14.63,14.44,0.00,0,0,0,0,0.0
1385078160,14.50,14.69,14.56,14.44,0.00,0,0,0,0,0.0
1385078220,14.44,14.69,14.56,14.38,0.00,0,0,0,0,0.0
1385078280,14.50,14.69,14.56,14.38,0.00,0,0,0,0,0.0
1385078340,14.44,14.69,14.56,14.38,0.00,0,0,0,0,0.0
1385078400,14.44,14.63,14.56,14.31,0.00,0,0,0,0,0.0
1385078460,14.50,14.63,14.56,14.31,0.00,0,0,0,0,0.0
1385078520,14.50,14.69,14.56,14.38,0.00,0,0,0,0,0.0
1385078580,14.44,14.63,14.56,14.38,0.00,0,0,0,0,0.0
1385078640,14.44,14.63,14.56,14.38,0.00,0,0,0,0,0.0
1385078700,14.44,14.63,14.50,14.31,0.00,0,0,0,0,0.0
1385078760,14.44,14.63,14.50,14.31,0.00,0,0,0,0,0.0
1385078820,14.44,14.63,14.50,14.31,0.00,0,0,0,0,0.0
1385078880,14.44,14.63,14.50,14.31,0.00,0,0,0,0,0.0
1385078940,14.44,14.63,14.50,14.31,0.00,0,0,0,0,0.0
1385079000,14.44,14.63,14.50,14.31,0.00,0,0,0,0,0.0
1385079060,14.44,14.63,14.50,14.31,0.00,0,0,0,0,0.0
1385079120,14.44,14.63,14.50,14.31,0.00,0,0,0,0,0.0
1385079180,14.44,14.56,14.50,14.31,0.00,0,0,0,0,0.0
1385079240,14.38,14.56,14.50,14.31,0.00,0,0,0,0,0.0
1385079300,14.38,14.56,14.50,14.25,0.00,0,0,0,0,0.0
1385079360,14.38,14.56,14.44,14.25,0.00,0,0,0,0,0.0
1385079420,14.38,14.56,14.44,14.25,0.00,0,0,0,0,0.0
1385079480,14.38,14.56,14.44,14.25,0.00,0,0,0,0,0.0
1385079540,14.38,14.56,14.44,14.25,0.00,0,0,0,0,0.0
1385079600,14.38,14.56,14.44,14.31,0.00,0,0,0,0,0.0
1385079660,14.38,14.56,14.44,14.25,0.00,0,0,0,0,0.0
1385079720,14.38,14.56,14.44,14.25,0.00,0,0,0,0,0.0
1385079780,14.31,14.50,14.44,14.25,0.00,0,0,0,0,0.0
1385079840,14.31,14.56,14.44,14.25,0.00,0,0,0,0,0.0
1385079900,14.31,14.50,14.44,14.25,0.00,0,0,0,0,0.0
1385079960,14.38,14.50,14.44,14.25,0.00,0,0,0,0,0.0
1385080020,14.38,14.50,14.44,14.25,0.00,0,0,0,0,0.0
1385080080,14.31,14.50,14.44,14.25,0.00,0,0,0,0,0.0
1385080140,14.31,14.50,14.38,14.25,0.00,0,0,0,0,0.0
1385080200,14.31,14.50,14.38,14.19,0.00,0,0,0,0,0.0
1385080260,14.38,14.50,14.44,14.19,0.00,0,0,0,0,0.0
1385080320,14.31,14.44,14.38,14.19,0.00,0,0,0,0,0.0
1385080380,14.31,14.44,14.38,14.19,0.00,0,0,0,0,0.0
1385080440,14.31,14.44,14.38,14.19,0.00,0,0,0,0,0.0
1385080500,14.31,14.44,14.38,14.19,0.00,0,0,0,0,0.0
1385080560,14.31,14.50,14.38,14.19,0.00,0,0,0,0,0.0
1385080620,14.31,14.50,14.38,14.19,0.00,0,0,0,0,0.0
1385080680,14.31,14.44,14.38,14.19,0.00,0,0,0,0,0.0
1385080740,14.31,14.44,14.38,14.19,0.00,0,0,0,0,0.0
1385080800,14.31,14.44,14.38,14.19,0.00,0,0,0,0,0.0
1385080860,14.31,14.50,14.38,14.19,0.00,0,0,0,0,0.0
1385080920,14.31,14.44,14.38,14.19,0.00,0,0,0,0,0.0
1385080980,14.31,14.44,14.38,14.19,0.00,0,0,0,0,0.0
1385081040,14.25,14.44,14.38,14.19,0.00,0,0,0,0,0.0
1385081100,14.31,14.44,14.31,14.13,0.00,0,0,0,0,0.0
1385081160,14.31,14.44,14.31,14.19,0.00,0,0,0,0,0.0
1385081220,14.31,14.44,14.38,14.13,0.00,0,0,0,0,0.0
1385081280,14.31,14.44,14.38,14.19,0.00,0,0,0,0,0.0
1385081340,14.31,14.44,14.38,14.19,0.00,0,0,0,0,0.0
1385081400,14.31,14.44,14.38,14.19,0.00,0,0,0,0,0.0
1385081460,14.31,14.44,14.31,14.19,0.00,0,0,0,0,0.0
1385081520,14.31,14.44,14.38,14.19,0.00,0,0,0,0,0.0
1385081580,14.31,14.44,14.38,14.13,0.00,0,0,0,0,0.0
1385081640,14.31,14.44,14.38,14.19,0.00,0,0,0,0,0.0
1385081700,14.31,14.44,14.31,14.19,0.00,0,0,0,0,0.0
1385081760,14.25,14.44,14.31,14.19,0.00,0,0,0,0,0.0
1385081820,14.25,14.44,14.31,14.13,0.00,0,0,0,0,0.0
1385081880,14.31,14.44,14.31,14.19,0.00,0,0,0,0,0.0
1385081940,14.31,14.38,14.31,14.19,0.00,0,0,0,0,0.0
1385082000,14.25,14.38,14.31,14.13,0.00,0,0,0,0,0.0
1385082060,14.25,14.38,14.31,14.13,0.00,0,0,0,0,0.0
1385082120,14.25,14.44,14.31,14.13,0.00,0,0,0,0,0.0
1385082180,14.25,14.38,14.31,14.13,0.00,0,0,0,0,0.0
1385082240,14.25,14.38,14.25,14.13,0.00,0,0,0,0,0.0
1385082300,14.25,14.38,14.31,14.06,0.00,0,0,0,0,0.0
1385082360,14.25,14.38,14.31,14.13,0.00,0,0,0,0,0.0
1385082420,14.25,14.38,14.31,14.13,0.00,0,0,0,0,0.0
1385082480,14.25,14.38,14.31,14.13,0.00,0,0,0,0,0.0
1385082540,14.25,14.38,14.25,14.06,0.00,0,0,0,0,0.0
1385082600,14.25,14.38,14.25,14.06,0.00,0,0,0,0,0.0
1385082660,14.25,14.31,14.25,14.06,0.00,0,0,0,0,0.0
1385082720,14.25,14.38,14.25,14.13,0.00,0,0,0,0,0.0
1385082780,14.19,14.38,14.25,14.06,0.00,0,0,0,0,0.0
1385082840,14.19,14.31,14.25,14.06,0.00,0,0,0,0,0.0
1385082900,14.19,14.31,14.25,14.06,0.00,0,0,0,0,0.0
1385082960,14.19,14.31,14.25,14.06,0.00,0,0,0,0,0.0
1385083020,14.19,14.31,14.25,14.06,0.00,0,0,0,0,0.0
1385083080,14.19,14.31,14.25,14.06,0.00,0,0,0,0,0.0
1385083140,14.19,14.31,14.25,14.06,0.00,0,0,0,0,0.0
1385083200,14.19,14.38,14.25,14.06,0.00,0,0,0,0,0.0
1385083260,14.19,14.31,14.25,14.06,0.00,0,0,0,0,0.0
1385083320,14.25,14.31,14.25,14.06,0.00,0,0,0,0,0.0
1385083380,14.25,14.31,14.25,14.06,0.00,0,0,0,0,0.0
1385083440,14.19,14.31,14.25,14.06,0.00,0,0,0,0,0.0
1385083500,14.25,14.31,14.25,14.06,0.00,0,0,0,0,0.0
1385083560,14.19,14.31,14.25,14.06,0.00,0,0,0,0,0.0
1385083620,14.25,14.31,14.25,14.13,0.00,0,0,0,0,0.0
1385083680,14.19,14.31,14.25,14.06,0.00,0,0,0,0,0.0
1385083740,14.19,14.31,14.25,14.06,0.00,0,0,0,0,0.0
1385083800,14.19,14.31,14.25,14.06,0.00,0,0,0,0,0.0
1385083860,14.19,14.31,14.25,14.06,0.00,0,0,0,0,0.0
1385083920,14.19,14.31,14.25,14.06,0.00,0,0,0,0,0.0
1385083980,14.19,14.31,14.25,14.00,0.00,0,0,0,0,0.0
1385084040,14.19,14.31,14.25,14.00,0.00,0,0,0,0,0.0
1385084100,14.19,14.31,14.25,14.06,0.00,0,0,0,0,0.0
1385084160,14.19,14.31,14.25,14.06,0.00,0,0,0,0,0.0
1385084220,14.19,14.31,14.25,14.00,0.00,0,0,0,0,0.0
1385084280,14.19,14.31,14.25,14.00,0.00,0,0,0,0,0.0
1385084340,14.19,14.31,14.25,14.00,0.00,0,0,0,0,0.0
1385084400,14.19,14.31,14.25,14.06,0.00,0,0,0,0,0.0
1385084460,14.19,14.31,14.25,14.00,0.00,0,0,0,0,0.0
1385084520,14.25,14.31,14.25,14.06,0.00,0,0,0,0,0.0
1385084580,14.19,14.31,14.25,14.00,0.00,0,0,0,0,0.0
1385084640,14.25,14.25,14.25,14.00,0.00,0,0,0,0,0.0
1385084700,14.25,14.25,14.25,14.00,0.00,0,0,0,0,0.0
1385084760,14.25,14.31,14.25,14.00,0.00,0,0,0,0,0.0
1385084820,14.19,14.31,14.19,14.00,0.00,0,0,0,0,0.0
1385084880,14.19,14.31,14.25,14.00,0.00,0,0,0,0,0.0
1385084940,14.19,14.25,14.25,14.00,0.00,0,0,0,0,0.0
1385085000,14.19,14.25,14.25,14.00,0.00,0,0,0,0,0.0
1385085060,14.19,14.25,14.25,14.00,0.00,0,0,0,0,0.0
1385085120,14.19,14.25,14.19,14.00,0.00,0,0,0,0,0.0
1385085180,14.19,14.25,14.25,14.00,0.00,0,0,0,0,0.0
1385085240,14.19,14.25,14.25,14.06,0.00,0,0,0,0,0.0
1385085300,14.19,14.25,14.25,14.06,0.00,0,0,0,0,0.0
1385085360,14.19,14.25,14.25,14.00,0.00,0,0,0,0,0.0
1385085420,14.19,14.25,14.25,14.00,0.00,0,0,0,0,0.0
1385085480,14.19,14.25,14.25,14.00,0.00,0,0,0,0,0.0
1385085540,14.19,14.25,14.25,14.00,0.00,0,0,0,0,0.0
1385085600,14.19,14.25,14.19,14.00,0.00,0,0,0,0,0.0
1385085660,14.19,14.25,14.19,14.00,0.00,0,0,0,0,0.0
1385085720,14.19,14.31,14.25,14.06,0.00,0,0,0,0,0.0
1385085780,14.19,14.25,14.19,14.00,0.00,0,0,0,0,0.0
1385085840,14.19,14.31,14.25,14.00,0.00,0,0,0,0,0.0
1385085900,14.19,14.25,14.25,14.00,0.00,0,0,0,0,0.0
1385085960,14.19,14.25,14.25,14.06,0.00,0,0,0,0,0.0
1385086020,14.19,14.25,14.25,14.00,0.00,0,0,0,0,0.0
1385086080,14.13,14.25,14.19,14.00,0.00,0,0,0,0,0.0
1385086140,14.19,14.25,14.25,14.00,0.00,0,0,0,0,0.0
1385086200,14.19,14.25,14.25,14.00,0.00,0,0,0,0,0.0
1385086260,14.19,14.25,14.25,14.00,0.00,0,0,0,0,0.0
1385086320,14.19,14.25,14.19,14.00,0.00,0,0,0,0,0.0
1385086380,14.13,14.25,14.19,13.94,0.00,0,0,0,0,0.0
1385086440,14.13,14.19,14.19,14.00,0.00,0,0,0,0,0.0
1385086500,14.13,14.19,14.19,13.94,0.00,0,0,0,0,0.0
1385086560,14.13,14.19,14.19,14.00,0.00,0,0,0,0,0.0
1385086620,14.13,14.19,14.19,13.94,0.00,0,0,0,0,0.0
1385086680,14.13,14.19,14.19,13.94,0.00,0,0,0,0,0.0
1385086740,14.13,14.25,14.19,13.94,0.00,0,0,0,0,0.0
1385086800,14.13,14.19,14.19,13.94,0.00,0,0,0,0,0.0
1385086860,14.13,14.19,14.19,14.00,0.00,0,0,0,0,0.0
1385086920,14.19,14.19,14.19,14.00,0.00,0,0,0,0,0.0
1385086980,14.13,14.19,14.19,14.00,0.00,0,0,0,0,0.0
1385087040,14.19,14.19,14.19,14.00,0.00,0,0,0,0,0.0
1385087100,14.13,14.25,14.19,14.00,0.00,0,0,0,0,0.0
1385087160,14.19,14.25,14.25,14.00,0.00,0,0,0,0,0.0
1385087220,14.19,14.25,14.19,14.00,0.00,0,0,0,0,0.0
1385087280,14.19,14.25,14.19,14.00,0.00,0,0,0,0,0.0
1385087340,14.19,14.25,14.19,14.00,0.00,0,0,0,0,0.0
1385087400,14.13,14.19,14.19,13.94,0.00,0,0,0,0,0.0
1385087460,14.13,14.19,14.19,14.00,0.00,0,0,0,0,0.0
1385087520,14.19,14.25,14.19,14.00,0.00,0,0,0,0,0.0
1385087580,14.13,14.25,14.19,14.00,0.00,0,0,0,0,0.0
1385087640,14.19,14.25,14.19,14.00,0.00,0,0,0,0,0.0
1385087700,14.19,14.19,14.19,14.00,0.00,0,0,0,0,0.0
1385087760,14.19,14.19,14.19,13.94,0.00,0,0,0,0,0.0
1385087820,14.13,14.19,14.19,14.00,0.00,0,0,0,0,0.0
1385087880,14.13,14.19,14.19,13.94,0.00,0,0,0,0,0.0
1385087940,14.13,14.19,14.19,14.00,0.00,0,0,0,0,0.0
1385088000,14.13,14.19,14.19,14.00,0.00,0,0,0,0,0.0
1385088060,14.13,14.25,14.19,14.00,0.00,0,0,0,0,0.0
1385088120,14.19,14.25,14.19,14.00,0.00,0,0,0,0,0.0
1385088180,14.19,14.19,14.19,14.00,0.00,0,0,0,0,0.0
1385088240,14.19,14.19,14.19,14.00,0.00,0,0,0,0,0.0
1385088300,14.19,14.19,14.19,14.00,0.00,0,0,0,0,0.0
1385088360,14.19,14.25,14.19,13.94,0.00,0,0,0,0,0.0
1385088420,14.19,14.19,14.19,14.00,0.00,0,0,0,0,0.0
1385088480,14.13,14.19,14.25,14.00,0.00,0,0,0,0,0.0
1385088540,14.19,14.19,14.19,14.00,0.00,0,0,0,0,0.0
1385088600,14.13,14.19,14.19,14.00,0.00,0,0,0,0,0.0
1385088660,14.13,14.19,14.19,13.94,0.00,0,0,0,0,0.0
1385088720,14.19,14.19,14.19,14.00,0.00,0,0,0,0,0.0
1385088780,14.13,14.19,14.19,14.00,0.00,0,0,0,0,0.0
1385088840,14.13,14.19,14.19,13.94,0.00,0,0,0,0,0.0
1385088900,14.13,14.19,14.19,13.94,0.00,0,0,0,0,0.0
1385088960,14.13,14.19,14.19,13.94,0.00,0,0,0,0,0.0
1385089020,14.13,14.19,14.19,13.94,0.00,0,0,0,0,0.0
1385089080,14.13,14.19,14.19,13.94,0.00,0,0,0,0,0.0
1385089140,14.13,14.25,14.19,14.00,0.00,0,0,0,0,0.0
1385089200,14.13,14.19,14.19,13.94,0.00,0,0,0,0,0.0
1385089260,14.13,14.19,14.19,13.94,0.00,0,0,0,0,0.0
1385089320,14.13,14.19,14.19,13.94,0.00,0,0,0,0,0.0
1385089380,14.13,14.19,14.13,13.94,0.00,0,0,0,0,0.0
1385089440,14.13,14.19,14.19,13.94,0.00,0,0,0,0,0.0
1385089500,14.13,14.19,14.19,13.94,0.00,0,0,0,0,0.0
1385089560,14.13,14.19,14.19,13.94,0.00,0,0,0,0,0.0
1385089620,14.13,14.19,14.19,13.94,0.00,0,0,0,0,0.0
1385089680,14.13,14.19,14.19,14.00,0.00,0,0,0,0,0.0
1385089740,14.13,14.19,14.19,13.94,0.00,0,0,0,0,0.0
1385089800,14.13,14.19,14.19,13.94,0.00,0,0,0,0,0.0
1385089860,14.13,14.19,14.19,13.94,0.00,0,0,0,0,0.0
1385089920,14.13,14.19,14.19,13.94,0.00,0,0,0,0,0.0
1385089980,14.13,14.25,14.13,13.94,0.00,0,0,0,0,0.0
1385090040,14.13,14.19,14.13,13.94,0.00,0,0,0,0,0.0
1385090100,14.06,14.19,14.13,13.94,0.00,0,0,0,0,0.0
1385090160,14.06,14.19,14.13,13.94,0.00,0,0,0,0,0.0
1385090220,14.06,14.19,14.13,13.94,0.00,0,0,0,0,0.0
1385090280,14.13,14.19,14.13,13.94,0.00,0,0,0,0,0.0
1385090340,14.06,14.19,14.13,13.88,0.00,0,0,0,0,0.0
1385090400,14.06,14.19,14.13,13.88,0.00,0,0,0,0,0.0
1385090460,14.06,14.19,14.13,13.94,0.00,0,0,0,0,0.0
1385090520,14.06,14.19,14.13,13.94,0.00,0,0,0,0,0.0
1385090580,14.13,14.19,14.13,13.94,0.00,0,0,0,0,0.0
1385090640,14.13,14.19,14.13,13.94,0.00,0,0,0,0,0.0
1385090700,14.06,14.19,14.13,13.94,0.00,0,0,0,0,0.0
1385090760,14.06,14.19,14.13,13.88,0.00,0,0,0,0,0.0
1385090820,14.06,14.19,14.13,13.94,0.00,0,0,0,0,0.0
1385090880,14.06,14.13,14.13,13.88,0.00,0,0,0,0,0.0
1385090940,14.13,14.19,14.13,13.94,0.00,0,0,0,0,0.0
1385091000,14.13,14.19,14.13,13.94,0.00,0,0,0,0,0.0
1385091060,14.06,14.19,14.13,13.94,0.00,0,0,0,0,0.0
1385091120,14.13,14.19,14.13,13.94,0.00,0,0,0,0,0.0
1385091180,14.06,14.19,14.13,13.94,0.00,0,0,0,0,0.0
1385091240,14.13,14.19,14.13,13.94,0.00,0,0,0,0,0.0
1385091300,14.06,14.13,14.13,13.94,0.00,0,0,0,0,0.0
1385091360,14.13,14.13,14.13,13.94,0.00,0,0,0,0,0.0
1385091420,14.06,14.19,14.13,13.94,0.00,0,0,0,0,0.0
1385091480,14.06,14.13,14.13,13.88,0.00,0,0,0,0,0.0
1385091540,14.06,14.13,14.13,13.88,0.00,0,0,0,0,0.0
1385091600,14.06,14.13,14.13,13.88,0.00,0,0,0,0,0.0
1385091660,14.06,14.13,14.13,13.88,0.00,0,0,0,0,0.0
1385091720,14.06,14.13,14.13,13.94,0.00,0,0,0,0,0.0
1385091780,14.06,14.13,14.13,13.94,0.00,0,0,0,0,0.0
1385091840,14.06,14.19,14.13,13.94,0.00,0,0,0,0,0.0
1385091900,14.06,14.13,14.13,13.88,0.00,0,0,0,0,0.0
1385091960,14.06,14.13,14.13,13.88,0.00,0,0,0,0,0.0
1385092020,14.06,14.13,14.13,13.88,0.00,0,0,0,0,0.0
1385092080,14.06,14.13,14.13,13.94,0.00,0,0,0,0,0.0
1385092140,14.06,14.13,14.13,13.94,0.00,0,0,0,0,0.0
1385092200,14.13,14.13,14.13,13.94,0.00,0,0,0,0,0.0
1385092260,14.06,14.13,14.13,13.94,0.00,0,0,0,0,0.0
1385092320,14.06,14.13,14.13,13.94,0.00,0,0,0,0,0.0
1385092380,14.06,14.13,14.13,13.94,0.00,0,0,0,0,0.0
1385092440,14.06,14.13,14.13,13.94,0.00,0,0,0,0,0.0
1385092500,14.06,14.13,14.13,13.88,0.00,0,0,0,0,0.0
1385092560,14.06,14.13,14.13,13.88,0.00,0,0,0,0,0.0
1385092620,14.06,14.13,14.06,13.88,0.00,0,0,0,0,0.0
1385092680,14.06,14.13,14.06,13.88,0.00,0,0,0,0,0.0
1385092740,14.06,14.13,14.06,13.88,0.00,0,0,0,0,0.0
1385092800,14.06,14.19,14.13,13.88,0.00,0,0,0,0,0.0
1385092860,14.06,14.13,14.13,13.88,0.00,0,0,0,0,0.0
1385092920,14.06,14.13,14.06,13.88,0.00,0,0,0,0,0.0
1385092980,14.06,14.13,14.06,13.88,0.00,0,0,0,0,0.0
1385093040,14.06,14.13,14.06,13.88,0.00,0,0,0,0,0.0
1385093100,14.06,14.13,14.13,13.88,0.00,0,0,0,0,0.0
1385093160,14.06,14.13,14.06,13.88,0.00,0,0,0,0,0.0
1385093220,14.06,14.13,14.06,13.81,0.00,0,0,0,0,0.0
1385093280,14.00,14.13,14.06,13.81,0.00,0,0,0,0,0.0
1385093340,14.00,14.13,14.06,13.81,0.00,0,0,0,0,0.0
1385093400,14.00,14.13,14.06,13.88,0.00,0,0,0,0,0.0
1385093460,14.00,14.13,14.06,13.88,0.00,0,0,0,0,0.0
1385093520,14.00,14.13,14.06,13.88,0.00,0,0,0,0,0.0
1385093580,14.00,14.13,14.06,13.81,0.00,0,0,0,0,0.0
1385093640,14.00,14.13,14.06,13.88,0.00,0,0,0,0,0.0
1385093700,14.00,14.13,14.06,13.88,0.00,0,0,0,0,0.0
1385093760,14.00,14.13,14.06,13.88,0.00,0,0,0,0,0.0
1385093820,14.00,14.13,14.06,13.81,0.00,0,0,0,0,0.0
1385093880,14.00,14.06,14.06,13.81,0.00,0,0,0,0,0.0
1385093940,14.06,14.13,14.00,13.88,0.00,0,0,0,0,0.0
1385094000,14.00,14.13,14.06,13.88,0.00,0,0,0,0,0.0
1385094060,14.00,14.06,14.06,13.81,0.00,0,0,0,0,0.0
1385094120,14.00,14.13,14.06,13.88,0.00,0,0,0,0,0.0
1385094180,14.06,14.13,14.06,13.88,0.00,0,0,0,0,0.0
1385094240,14.00,14.13,14.06,13.88,0.00,0,0,0,0,0.0
1385094300,14.00,14.13,14.06,13.88,0.00,0,0,0,0,0.0
1385094360,14.00,14.06,14.06,13.81,0.00,0,0,0,0,0.0
1385094420,14.00,14.13,14.06,13.88,0.00,0,0,0,0,0.0
1385094480,14.00,14.13,14.06,13.88,0.00,0,0,0,0,0.0
1385094540,14.06,14.06,14.06,13.88,0.00,0,0,0,0,0.0
1385094600,14.06,14.13,14.06,13.88,0.00,0,0,0,0,0.0
1385094660,14.00,14.13,14.06,13.88,0.00,0,0,0,0,0.0
1385094720,14.00,14.06,14.06,13.81,0.00,0,0,0,0,0.0
1385094780,14.00,14.06,14.06,13.81,0.00,0,0,0,0,0.0
1385094840,14.00,14.06,14.06,13.81,0.00,0,0,0,0,0.0
1385094900,14.00,14.06,14.06,13.81,0.00,0,0,0,0,0.0
1385094960,14.00,14.13,14.06,13.81,0.00,0,0,0,0,0.0
1385095020,14.00,14.13,14.06,13.81,0.00,0,0,0,0,0.0
1385095080,14.00,14.06,14.00,13.81,0.00,0,0,0,0,0.0
1385095140,14.00,14.06,14.00,13.81,0.00,0,0,0,0,0.0
1385095200,14.00,14.06,14.00,13.81,0.00,0,0,0,0,0.0
1385095260,14.00,14.06,14.00,13.81,0.00,0,0,0,0,0.0
1385095320,14.00,14.06,14.06,13.81,0.00,0,0,0,0,0.0
1385095380,13.94,14.06,14.00,13.81,0.00,0,0,0,0,0.0
1385095440,14.00,14.06,14.00,13.81,0.00,0,0,0,0,0.0
1385095500,13.94,14.06,14.00,13.81,0.00,0,0,0,0,0.0
1385095560,13.94,14.06,14.00,13.81,0.00,0,0,0,0,0.0
1385095620,14.00,14.06,14.00,13.81,0.00,0,0,0,0,0.0
1385095680,13.94,14.06,14.00,13.81,0.00,0,0,0,0,0.0
1385095740,14.00,14.06,14.00,13.81,0.00,0,0,0,0,0.0
1385095800,13.94,14.06,14.00,13.81,0.00,0,0,0,0,0.0
1385095860,13.94,14.06,14.06,13.81,0.00,0,0,0,0,0.0
1385095920,13.94,14.06,14.00,13.81,0.00,0,0,0,0,0.0
1385095980,13.94,14.06,14.00,13.75,0.00,0,0,0,0,0.0
1385096040,13.94,14.06,14.00,13.81,0.00,0,0,0,0,0.0
1385096100,13.94,14.06,14.00,13.75,0.00,0,0,0,0,0.0
1385096160,13.94,14.00,14.00,13.69,0.00,0,0,0,0,0.0
1385096220,13.88,14.00,13.94,13.69,0.00,0,0,0,0,0.0
1385096280,13.94,14.00,14.00,13.75,0.00,0,0,0,0,0.0
1385096340,13.94,14.00,14.00,13.75,0.00,0,0,0,0,0.0
1385096400,13.94,14.00,13.94,13.75,0.00,0,0,0,0,0.0
1385096460,13.94,14.00,14.00,13.75,0.00,0,0,0,0,0.0
1385096520,13.88,14.00,13.94,13.69,0.00,0,0,0,0,0.0
1385096580,13.94,13.94,13.94,13.75,0.00,0,0,0,0,0.0
1385096640,13.88,14.00,13.94,13.75,0.00,0,0,0,0,0.0
1385096700,13.94,14.00,13.94,13.75,0.00,0,0,0,0,0.0
1385096760,13.94,14.00,13.94,13.75,0.00,0,0,0,0,0.0
1385096820,13.94,14.00,13.94,13.75,0.00,0,0,0,0,0.0
1385096880,13.94,14.00,13.94,13.75,0.00,0,0,0,0,0.0
1385096940,13.94,14.00,14.00,13.75,0.00,0,0,0,0,0.0
1385097000,13.88,14.00,13.94,13.75,0.00,0,0,0,0,0.0
1385097060,13.88,14.00,13.94,13.75,0.00,0,0,0,0,0.0
1385097120,13.94,14.00,13.94,13.75,0.00,0,0,0,0,0.0
1385097180,13.88,14.00,13.94,13.75,0.00,0,0,0,0,0.0
1385097240,13.94,14.00,13.94,13.75,0.00,0,0,0,0,0.0
1385097300,13.94,14.00,13.94,13.75,0.00,0,0,0,0,0.0
1385097360,13.94,14.00,13.94,13.75,0.00,0,0,0,0,0.0
1385097420,13.88,14.00,13.94,13.75,0.00,0,0,0,0,0.0
1385097480,13.94,14.00,13.94,13.75,0.00,0,0,0,0,0.0
1385097540,13.94,14.00,13.94,13.75,0.00,0,0,0,0,0.0
1385097600,13.94,14.00,13.94,13.75,0.00,0,0,0,0,0.0
1385097660,13.94,14.00,13.94,13.69,0.00,0,0,0,0,0.0
1385097720,13.88,14.00,13.94,13.69,0.00,0,0,0,0,0.0
1385097780,13.88,13.94,13.94,13.69,0.00,0,0,0,0,0.0
1385097840,13.88,14.00,13.94,13.75,0.00,0,0,0,0,0.0
1385097900,13.88,14.00,13.94,13.69,0.00,0,0,0,0,0.0
1385097960,13.88,13.94,13.94,13.69,0.00,0,0,0,0,0.0
1385098020,13.88,13.94,13.94,13.69,0.00,0,0,0,0,0.0
1385098080,13.88,14.00,13.94,13.75,0.00,0,0,0,0,0.0
1385098140,13.88,13.94,13.94,13.69,0.00,0,0,0,0,0.0
1385098200,13.88,14.00,13.94,13.69,0.00,0,0,0,0,0.0
1385098260,13.88,14.00,13.94,13.69,0.00,0,0,0,0,0.0
1385098320,13.88,14.00,13.94,13.69,0.00,0,0,0,0,0.0
1385098380,13.88,14.00,13.94,13.69,0.00,0,0,0,0,0.0
1385098440,13.88,14.00,13.94,13.69,0.00,0,0,0,0,0.0
1385098500,13.88,14.00,13.94,13.69,0.00,0,0,0,0,0.0
1385098560,13.88,13.94,13.94,13.75,0.00,0,0,0,0,0.0
1385098620,13.88,13.94,13.94,13.69,0.00,0,0,0,0,0.0
1385098680,13.94,14.00,13.94,13.75,0.00,0,0,0,0,0.0
1385098740,13.94,14.00,13.94,13.75,0.00,0,0,0,0,0.0
1385098800,13.88,14.00,13.94,13.75,0.00,0,0,0,0,0.0
1385098860,13.88,13.94,13.94,13.75,0.00,0,0,0,0,0.0
1385098920,13.94,13.94,14.00,13.75,0.00,0,0,0,0,0.0
1385098980,13.94,13.94,13.94,13.75,0.00,0,0,0,0,0.0
1385099040,13.88,14.00,13.94,13.69,0.00,0,0,0,0,0.0
1385099100,13.88,13.94,13.94,13.69,0.00,0,0,0,0,0.0
1385099160,13.94,13.94,13.94,13.69,0.00,0,0,0,0,0.0
1385099220,13.88,13.94,13.94,13.75,0.00,0,0,0,0,0.0
1385099280,13.88,13.94,13.94,13.69,0.00,0,0,0,0,0.0
1385099340,13.88,14.00,13.94,13.75,0.00,0,0,0,0,0.0
1385099400,13.94,14.00,13.94,13.75,0.00,0,0,0,0,0.0
1385099460,13.88,14.00,13.94,13.75,0.00,0,0,0,0,0.0
1385099520,13.88,14.00,13.94,13.75,0.00,0,0,0,0,0.0
1385099580,13.94,14.00,13.94,13.75,0.00,0,0,0,0,0.0
1385099640,13.88,14.00,13.94,13.75,0.00,0,0,0,0,0.0
1385099700,13.88,13.94,13.94,13.69,0.00,0,0,0,0,0.0
1385099760,13.88,13.94,13.94,13.69,0.00,0,0,0,0,0.0
1385099820,13.88,14.00,13.88,13.69,0.00,0,0,0,0,0.0
1385099880,13.88,14.00,13.94,13.69,0.00,0,0,0,0,0.0
1385099940,13.88,13.94,13.88,13.69,0.00,0,0,0,0,0.0
1385100000,13.88,13.94,13.94,13.69,0.00,0,0,1,0,0.0
1385100060,13.88,13.94,13.94,13.69,0.00,0,0,1,0,0.0
1385100120,13.88,14.00,13.94,13.69,0.00,0,0,1,0,0.0
1385100180,13.88,13.94,13.94,13.69,0.00,0,0,1,0,0.0
1385100240,13.88,13.94,13.94,13.69,0.00,0,0,1,0,0.0
1385100300,13.88,13.94,13.94,13.69,0.00,0,0,1,0,0.0
1385100360,13.88,13.94,13.88,13.69,0.00,0,0,1,0,0.0
1385100420,13.88,13.94,13.88,13.75,0.00,0,0,1,0,0.0
1385100480,13.88,13.94,13.94,13.75,0.00,0,0,1,0,0.0
1385100540,13.88,13.94,13.94,13.69,0.00,0,0,1,0,0.0
1385100600,13.88,13.94,13.94,13.69,0.00,0,0,1,0,0.0
1385100660,13.88,13.94,13.88,13.69,0.00,0,0,1,0,0.0
1385100720,13.88,13.94,13.94,13.69,0.00,0,0,1,0,0.0
1385100780,13.94,13.94,13.94,13.81,0.00,0,0,1,0,0.0
1385100840,14.00,14.00,13.94,13.81,0.00,0,0,1,0,0.0
1385100900,14.00,14.00,14.00,13.81,0.00,0,0,1,0,0.0
1385100960,14.00,14.00,14.00,13.88,0.00,0,0,1,0,0.0
1385101020,14.00,14.00,14.00,13.81,0.00,0,0,1,0,0.0
1385101080,14.00,14.00,14.00,13.88,0.00,0,0,1,0,0.0
1385101140,14.00,14.00,14.00,13.88,0.00,0,0,1,0,0.0
1385101200,14.00,14.06,14.00,13.88,0.00,0,0,1,0,0.0
1385101260,13.94,14.00,14.00,13.81,0.00,0,0,1,0,0.0
1385101320,14.00,14.00,14.00,13.88,0.00,0,0,1,0,0.0
1385101380,14.00,14.00,14.00,13.88,0.00,0,0,1,0,0.0
1385101440,13.94,14.00,14.00,13.88,0.00,0,0,1,0,0.0
1385101500,13.94,14.00,14.00,13.88,0.00,0,0,1,0,0.0
1385101560,14.00,14.06,14.00,13.88,0.00,0,0,1,0,0.0
1385101620,14.06,14.06,14.00,13.94,0.00,0,0,1,0,0.0
1385101680,14.13,14.06,14.06,13.94,0.00,0,0,1,0,0.0
1385101740,14.13,14.06,14.13,13.94,0.00,0,0,1,0,0.0
1385101800,14.13,14.06,14.06,13.94,0.00,0,0,1,0,0.0
1385101860,14.13,14.06,14.06,13.94,0.00,0,0,1,0,0.0
1385101920,14.13,14.06,14.06,13.94,0.00,0,0,1,0,0.0
1385101980,14.13,14.06,14.06,13.94,0.00,0,0,1,0,0.0
1385102040,14.06,14.06,14.06,13.94,0.00,0,0,1,0,0.0
1385102100,14.06,14.06,14.06,13.94,0.00,0,0,1,0,0.0
1385102160,14.06,14.06,14.06,13.94,0.00,0,0,1,0,0.0
1385102220,14.06,14.06,14.06,13.94,0.00,0,0,1,0,0.0
1385102280,14.06,14.06,14.06,13.94,0.00,0,0,1,0,0.0
1385102340,14.00,14.06,14.06,13.94,0.00,0,0,1,0,0.0
1385102400,14.00,14.06,14.06,13.94,0.00,0,0,1,0,0.0
1385102460,14.06,14.06,14.06,13.94,0.00,0,0,1,0,0.0
1385102520,14.06,14.06,14.06,13.94,0.00,0,0,1,0,0.0
1385102580,14.06,14.06,14.00,13.88,0.00,0,0,1,0,0.0
1385102640,14.06,14.06,14.06,13.88,0.00,0,0,1,0,0.0
1385102700,14.00,14.06,14.06,13.88,0.00,0,0,1,0,0.0
1385102760,14.06,14.06,14.06,13.94,0.00,0,0,1,0,0.0
1385102820,14.06,14.06,14.06,13.94,0.00,0,0,1,0,0.0
1385102880,14.06,14.06,14.06,13.94,0.00,0,0,1,0,0.0
1385102940,14.06,14.06,14.06,13.88,0.00,0,0,1,0,0.0
1385103000,14.00,14.06,14.06,13.94,0.00,0,0,1,0,0.0
1385103060,14.06,14.06,14.06,13.94,0.00,0,0,1,0,0.0
1385103120,14.00,14.06,14.00,13.94,0.00,0,0,1,0,0.0
1385103180,14.00,14.06,14.06,13.94,0.00,0,0,1,0,0.0
1385103240,14.00,14.06,14.06,13.94,0.00,0,0,1,0,0.0
1385103300,14.06,14.06,14.06,13.94,0.00,0,0,1,0,0.0
1385103360,14.06,14.06,14.06,13.94,0.00,0,0,1,0,0.0
1385103420,14.06,14.06,14.06,13.94,0.00,0,0,1,0,0.0
1385103480,14.06,14.06,14.06,13.94,0.00,0,0,1,0,0.0
1385103540,14.06,14.06,14.06,13.94,0.00,0,0,1,0,0.0
1385103600,14.06,14.06,14.06,13.94,0.00,0,0,1,0,0.0
1385103660,14.00,14.06,14.06,13.94,0.00,0,0,1,0,0.0
1385103720,14.00,14.00,14.06,13.94,0.00,0,0,1,0,0.0
1385103780,14.00,14.06,14.06,13.94,0.00,0,0,1,0,0.0
1385103840,14.00,14.06,14.06,13.88,0.00,0,0,1,0,0.0
1385103900,14.00,14.00,14.06,13.88,0.00,0,0,1,0,0.0
1385103960,13.94,14.06,14.06,13.88,0.00,0,0,1,0,0.0
1385104020,14.00,14.06,14.06,13.88,0.00,0,0,1,0,0.0
1385104080,14.00,14.00,14.06,13.88,0.00,0,0,1,0,0.0
1385104140,14.00,14.00,14.06,13.88,0.00,0,0,1,0,0.0
1385104200,13.94,14.00,14.06,13.88,0.00,0,0,1,0,0.0
1385104260,13.94,14.06,14.06,13.88,0.00,0,0,1,0,0.0
1385104320,13.94,14.00,14.00,13.88,0.00,0,0,1,0,0.0
1385104380,13.94,14.00,14.00,13.88,0.00,0,0,1,0,0.0
1385104440,13.94,14.00,14.00,13.88,0.00,0,0,1,0,0.0
1385104500,14.00,14.00,14.06,13.88,0.00,0,0,1,0,0.0
1385104560,14.06,14.00,14.06,13.94,0.00,0,0,1,0,0.0
1385104620,14.13,14.06,14.13,14.00,0.00,0,0,1,0,0.0
1385104680,14.13,14.06,14.13,14.00,0.00,0,0,1,0,0.0
1385104740,14.13,14.06,14.13,14.00,0.00,0,0,1,0,0.0
1385104800,14.13,14.06,14.13,14.00,0.00,0,0,1,0,0.0
1385104860,14.13,14.06,14.13,14.00,0.00,0,0,1,0,0.0
1385104920,14.13,14.13,14.13,14.00,0.00,0,0,1,0,0.0
1385104980,14.13,14.13,14.13,14.00,0.00,0,0,1,0,0.0
1385105040,14.13,14.06,14.13,13.94,0.00,0,0,1,0,0.0
1385105100,14.06,14.06,14.13,13.94,0.00,0,0,1,0,0.0
1385105160,14.06,14.06,14.13,13.94,0.00,0,0,1,0,0.0
1385105220,14.06,14.06,14.06,13.94,0.00,0,0,1,0,0.0
1385105280,14.06,14.06,14.06,13.94,0.00,0,0,1,0,0.0
1385105340,14.06,14.13,14.13,14.00,0.00,0,0,1,0,0.0
1385105400,14.13,14.06,14.13,14.00,0.00,0,0,1,0,0.0
1385105460,14.13,14.06,14.13,14.00,0.00,0,0,1,0,0.0
1385105520,14.13,14.06,14.13,14.00,0.00,0,0,1,0,0.0
1385105580,14.13,14.06,14.13,14.00,0.00,0,0,1,0,0.0
1385105640,14.13,14.06,14.13,14.00,0.00,0,0,1,0,0.0
1385105700,14.13,14.06,14.13,14.00,0.00,0,0,1,0,0.0
1385105760,14.13,14.13,14.13,14.00,0.00,0,0,1,0,0.0
1385105820,14.13,14.13,14.13,14.00,0.00,0,0,1,0,0.0
1385105880,14.06,14.13,14.13,14.00,0.00,0,0,1,0,0.0
1385105940,14.06,14.06,14.13,14.00,0.00,0,0,1,0,0.0
1385106000,14.13,14.06,14.13,14.00,0.00,0,0,1,0,0.0
1385106060,14.06,14.06,14.19,14.00,0.00,0,0,1,0,0.0
1385106121,14.13,14.06,14.13,14.00,0.00,0,0,1,0,0.0
1385106180,14.13,14.06,14.13,14.00,0.00,0,0,1,0,0.0
1385106240,14.06,14.06,14.13,14.00,0.00,0,0,1,0,0.0
1385106300,14.06,14.06,14.13,14.00,0.00,0,0,1,0,0.0
1385106360,14.06,14.06,14.13,14.00,0.00,0,0,1,0,0.0
1385106420,14.13,14.06,14.13,14.00,0.00,0,0,1,0,0.0
1385106480,14.13,14.06,14.13,14.00,0.00,0,0,1,0,0.0
1385106540,14.06,14.06,14.13,14.00,0.00,0,0,1,0,0.0
1385106600,14.06,14.06,14.13,13.94,0.00,0,0,1,0,0.0
1385106660,14.06,14.06,14.13,13.94,0.00,0,0,1,0,0.0
1385106720,14.06,14.06,14.13,14.00,0.00,0,0,1,0,0.0
1385106780,14.13,14.06,14.13,14.00,0.00,0,0,1,0,0.0
1385106840,14.06,14.06,14.13,14.00,0.00,0,0,1,0,0.0
1385106900,14.13,14.06,14.13,14.00,0.00,0,0,1,0,0.0
1385106960,14.19,14.06,14.13,14.00,0.00,0,0,1,0,0.0
1385107020,14.19,14.13,14.13,14.06,0.00,0,0,1,0,0.0
1385107080,14.13,14.06,14.13,14.00,0.00,0,0,1,0,0.0
1385107140,14.06,14.06,14.06,13.94,0.00,0,0,1,0,0.0
1385107200,13.94,14.06,14.06,13.81,0.00,0,0,1,0,0.0
1385107260,13.88,14.00,14.00,13.75,0.00,0,0,1,0,0.0
1385107320,13.88,14.00,14.00,13.75,0.00,0,0,1,0,0.0
1385107380,13.88,14.00,13.94,13.75,0.00,0,0,1,0,0.0
1385107440,13.88,14.00,13.94,13.75,0.00,0,0,1,0,0.0
1385107500,13.88,14.00,13.94,13.75,0.00,0,0,1,0,0.0
1385107560,13.88,14.00,13.94,13.75,0.00,0,0,1,0,0.0
1385107620,13.88,14.00,13.94,13.75,0.00,0,0,1,0,0.0
1385107680,13.81,14.00,13.88,13.69,0.00,0,0,1,0,0.0
1385107740,13.81,13.94,13.88,13.69,0.00,0,0,1,0,0.0
1385107800,13.81,14.00,13.88,13.69,0.00,0,0,1,0,0.0
1385107860,13.81,13.94,13.81,13.69,0.00,0,0,1,0,0.0
1385107920,13.75,13.94,13.81,13.63,0.00,0,0,1,0,0.0
1385107980,13.75,13.94,13.81,13.63,0.00,0,0,1,0,0.0
1385108040,13.75,13.94,13.81,13.63,0.00,0,0,1,0,0.0
1385108100,13.75,13.94,13.81,13.63,0.00,0,0,1,0,0.0
1385108160,13.75,13.88,13.81,13.56,0.00,0,0,1,0,0.0
1385108220,13.75,13.88,13.81,13.63,0.00,0,0,1,0,0.0
1385108280,13.75,13.88,13.81,13.56,0.00,0,0,1,0,0.0
1385108340,13.75,13.88,13.81,13.56,0.00,0,0,1,0,0.0
1385108400,13.75,13.88,13.81,13.63,0.00,0,0,1,0,0.0
1385108460,13.75,13.88,13.81,13.56,0.00,0,0,1,0,0.0
1385108520,13.75,13.88,13.81,13.56,0.00,0,0,1,0,0.0
1385108580,13.75,13.88,13.81,13.56,0.00,0,0,1,0,0.0
1385108640,13.69,13.88,13.75,13.56,0.00,0,0,1,0,0.0
1385108700,13.69,13.88,13.75,13.56,0.00,0,0,1,0,0.0
1385108760,13.69,13.88,13.75,13.56,0.00,0,0,1,0,0.0
1385108820,13.69,13.88,13.75,13.56,0.00,0,0,1,0,0.0
1385108880,13.69,13.88,13.75,13.56,0.00,0,0,1,0,0.0
1385108940,13.75,13.88,13.75,13.56,0.00,0,0,1,0,0.0
1385109000,13.69,13.81,13.75,13.56,0.00,0,0,1,0,0.0
1385109060,13.75,13.81,13.75,13.56,0.00,0,0,1,0,0.0
1385109120,13.69,13.81,13.75,13.56,0.00,0,0,1,0,0.0
1385109180,13.63,13.81,13.75,13.50,0.00,0,0,1,0,0.0
1385109240,13.69,13.81,13.75,13.50,0.00,0,0,1,0,0.0
1385109300,13.69,13.81,13.69,13.50,0.00,0,0,1,0,0.0
1385109360,13.69,13.81,13.75,13.50,0.00,0,0,1,0,0.0
1385109420,13.69,13.81,13.69,13.50,0.00,0,0,1,0,0.0
1385109480,13.63,13.81,13.75,13.50,0.00,0,0,1,0,0.0
1385109540,13.63,13.75,13.69,13.50,0.00,0,0,1,0,0.0
1385109600,13.69,13.75,13.69,13.50,0.00,0,0,1,0,0.0
1385109660,13.63,13.81,13.69,13.50,0.00,0,0,1,0,0.0
1385109720,13.63,13.75,13.69,13.50,0.00,0,0,1,0,0.0
1385109780,13.69,13.75,13.69,13.50,0.00,0,0,1,0,0.0
1385109840,13.63,13.81,13.69,13.50,0.00,0,0,1,0,0.0
1385109900,13.56,13.75,13.69,13.44,0.00,0,0,1,0,0.0
1385109960,13.63,13.75,13.69,13.44,0.00,0,0,1,0,0.0
1385110020,13.63,13.75,13.69,13.44,0.00,0,0,1,0,0.0
1385110080,13.63,13.75,13.69,13.44,0.00,0,0,1,0,0.0
1385110140,13.56,13.75,13.63,13.44,0.00,0,0,1,0,0.0
1385110200,13.63,13.75,13.69,13.44,0.00,0,0,1,0,0.0
1385110260,13.63,13.69,13.63,13.44,0.00,0,0,1,0,0.0
1385110320,13.56,13.69,13.63,13.44,0.00,0,0,1,0,0.0
1385110380,13.63,13.75,13.69,13.44,0.00,0,0,1,0,0.0
1385110440,13.63,13.75,13.69,13.44,0.00,0,0,1,0,0.0
1385110500,13.63,13.75,13.63,13.44,0.00,0,0,1,0,0.0
1385110560,13.56,13.69,13.63,13.44,0.00,0,0,1,0,0.0
1385110620,13.63,13.75,13.63,13.44,0.00,0,0,1,0,0.0
1385110680,13.63,13.75,13.69,13.50,0.00,0,0,1,0,0.0
1385110740,13.63,13.75,13.63,13.44,0.00,0,0,1,0,0.0
1385110800,13.63,13.69,13.63,13.44,0.00,0,0,1,0,0.0
1385110860,13.63,13.69,13.63,13.44,0.00,0,0,1,0,0.0
1385110920,13.56,13.75,13.63,13.44,0.00,0,0,1,0,0.0
1385110980,13.63,13.69,13.63,13.44,0.00,0,0,1,0,0.0
1385111040,13.56,13.75,13.63,13.44,0.00,0,0,1,0,0.0
1385111100,13.63,13.69,13.63,13.44,0.00,0,0,1,0,0.0
1385111160,13.63,13.69,13.63,13.44,0.00,0,0,1,0,0.0
1385111220,13.63,13.69,13.63,13.44,0.00,0,0,1,0,0.0
1385111280,13.56,13.69,13.63,13.44,0.00,0,0,1,0,0.0
1385111340,13.56,13.69,13.63,13.44,0.00,0,0,1,0,0.0
1385111400,13.56,13.69,13.63,13.38,0.00,0,0,1,0,0.0
1385111460,13.56,13.69,13.63,13.38,0.00,0,0,1,0,0.0
1385111520,13.56,13.69,13.63,13.38,0.00,0,0,1,0,0.0
1385111580,13.56,13.69,13.63,13.44,0.00,0,0,1,0,0.0
1385111640,13.56,13.69,13.63,13.38,0.00,0,0,1,0,0.0
1385111700,13.56,13.69,13.56,13.38,0.00,0,0,1,0,0.0
1385111760,13.50,13.69,13.56,13.38,0.00,0,0,1,0,0.0
1385111820,13.56,13.69,13.63,13.38,0.00,0,0,1,0,0.0
1385111880,13.50,13.63,13.56,13.38,0.00,0,0,1,0,0.0
1385111940,13.50,13.69,13.56,13.38,0.00,0,0,1,0,0.0
1385112000,13.50,13.63,13.63,13.38,0.00,0,0,1,0,0.0
1385112060,13.56,13.69,13.63,13.38,0.00,0,0,1,0,0.0
1385112120,13.50,13.63,13.56,13.38,0.00,0,0,1,0,0.0
1385112180,13.50,13.63,13.56,13.31,0.00,0,0,1,0,0.0
1385112240,13.50,13.63,13.56,13.31,0.00,0,0,1,0,0.0
1385112300,13.50,13.63,13.56,13.31,0.00,0,0,1,0,0.0
1385112360,13.50,13.63,13.56,13.31,0.00,0,0,1,0,0.0
1385112420,13.50,13.63,13.56,13.31,0.00,0,0,1,0,0.0
1385112480,13.50,13.63,13.56,13.31,0.00,0,0,1,0,0.0
1385112540,13.50,13.63,13.56,13.38,0.00,0,0,1,0,0.0
1385112600,13.50,13.63,13.56,13.31,0.00,0,0,1,0,0.0
1385112660,13.50,13.56,13.50,13.31,0.00,0,0,1,0,0.0
1385112720,13.50,13.56,13.56,13.31,0.00,0,0,1,0,0.0
1385112780,13.50,13.63,13.56,13.38,0.00,0,0,1,0,0.0
1385112840,13.50,13.63,13.56,13.31,0.00,0,0,1,0,0.0
1385112900,13.50,13.63,13.56,13.31,0.00,0,0,1,0,0.0
1385112960,13.44,13.56,13.56,13.31,0.00,0,0,1,0,0.0
1385113020,13.50,13.56,13.56,13.31,0.00,0,0,1,0,0.0
1385113080,13.44,13.56,13.56,13.31,0.00,0,0,1,0,0.0
1385113140,13.50,13.56,13.56,13.31,0.00,0,0,1,0,0.0
1385113200,13.44,13.56,13.50,13.31,0.00,0,0,1,0,0.0
1385113260,13.44,13.63,13.50,13.31,0.00,0,0,1,0,0.0
1385113320,13.44,13.56,13.50,13.31,0.00,0,0,1,0,0.0
1385113380,13.50,13.56,13.50,13.31,0.00,0,0,1,0,0.0
1385113440,13.50,13.56,13.56,13.31,0.00,0,0,1,0,0.0
1385113500,13.44,13.56,13.50,13.31,0.00,0,0,1,0,0.0
1385113560,13.44,13.56,13.50,13.31,0.00,0,0,1,0,0.0
1385113620,13.44,13.56,13.50,13.31,0.00,0,0,1,0,0.0
1385113680,13.50,13.56,13.56,13.31,0.00,0,0,1,0,0.0
1385113740,13.50,13.56,13.56,13.31,0.00,0,0,1,0,0.0
1385113800,13.50,13.56,13.50,13.31,0.00,0,0,1,0,0.0
1385113860,13.44,13.56,13.50,13.31,0.00,0,0,1,0,0.0
1385113920,13.44,13.56,13.50,13.31,0.00,0,0,1,0,0.0
1385113980,13.50,13.56,13.56,13.31,0.00,0,0,1,0,0.0
1385114040,13.44,13.56,13.50,13.31,0.00,0,0,1,0,0.0
1385114100,13.44,13.56,13.50,13.31,0.00,0,0,1,0,0.0
1385114160,13.44,13.56,13.50,13.31,0.00,0,0,1,0,0.0
1385114220,13.44,13.56,13.50,13.25,0.00,0,0,1,0,0.0
1385114280,13.44,13.56,13.50,13.31,0.00,0,0,1,0,0.0
1385114340,13.44,13.56,13.50,13.31,0.00,0,0,1,0,0.0
1385114400,13.44,13.56,13.50,13.31,0.00,0,0,1,0,0.0
1385114460,13.38,13.56,13.50,13.31,0.00,0,0,1,0,0.0
1385114520,13.44,13.56,13.50,13.31,0.00,0,0,1,0,0.0
1385114580,13.44,13.50,13.50,13.25,0.00,0,0,1,0,0.0
1385114640,13.50,13.50,13.50,13.31,0.00,0,0,1,0,0.0
1385114700,13.44,13.50,13.50,13.31,0.00,0,0,1,0,0.0
1385114760,13.50,13.56,13.50,13.31,0.00,0,0,1,0,0.0
1385114820,13.50,13.56,13.50,13.31,0.00,0,0,1,0,0.0
1385114880,13.44,13.56,13.50,13.31,0.00,0,0,1,0,0.0
1385114940,13.44,13.56,13.50,13.31,0.00,0,0,1,0,0.0
1385115000,13.44,13.50,13.50,13.25,0.00,0,0,1,0,0.0
1385115060,13.38,13.50,13.50,13.25,0.00,0,0,1,0,0.0
1385115120,13.38,13.50,13.44,13.25,0.00,0,0,1,0,0.0
1385115180,13.44,13.50,13.44,13.25,0.00,0,0,1,0,0.0
1385115240,13.44,13.50,13.44,13.25,0.00,0,0,1,0,0.0
1385115300,13.44,13.50,13.50,13.25,0.00,0,0,1,0,0.0
1385115360,13.44,13.50,13.44,13.25,0.00,0,0,1,0,0.0
1385115420,13.44,13.50,13.50,13.31,0.00,0,0,1,0,0.0
1385115480,13.44,13.50,13.50,13.25,0.00,0,0,1,0,0.0
1385115540,13.44,13.50,13.44,13.31,0.00,0,0,1,0,0.0
1385115600,13.44,13.50,13.50,13.25,0.00,0,0,1,0,0.0
1385115660,13.38,13.50,13.44,13.25,0.00,0,0,1,0,0.0
1385115720,13.38,13.50,13.44,13.25,0.00,0,0,1,0,0.0
1385115780,13.38,13.50,13.44,13.25,0.00,0,0,1,0,0.0
1385115840,13.38,13.50,13.44,13.25,0.00,0,0,1,0,0.0
1385115900,13.44,13.50,13.44,13.25,0.00,0,0,1,0,0.0
1385115960,13.44,13.50,13.44,13.31,0.00,0,0,1,0,0.0
1385116020,13.44,13.50,13.50,13.31,0.00,0,0,1,0,0.0
1385116080,13.44,13.50,13.44,13.31,0.00,0,0,1,0,0.0
1385116140,13.44,13.50,13.44,13.25,0.00,0,0,1,0,0.0
1385116200,13.38,13.50,13.44,13.25,0.00,0,0,1,0,0.0
1385116260,13.38,13.50,13.44,13.25,0.00,0,0,1,0,0.0
1385116320,13.38,13.50,13.44,13.25,0.00,0,0,1,0,0.0
1385116380,13.38,13.50,13.44,13.25,0.00,0,0,1,0,0.0
1385116440,13.38,13.44,13.44,13.25,0.00,0,0,1,0,0.0
1385116500,13.38,13.44,13.44,13.25,0.00,0,0,1,0,0.0
1385116560,13.38,13.44,13.44,13.25,0.00,0,0,1,0,0.0
1385116620,13.38,13.44,13.44,13.25,0.00,0,0,1,0,0.0
1385116680,13.38,13.50,13.44,13.25,0.00,0,0,1,0,0.0
1385116740,13.38,13.50,13.44,13.25,0.00,0,0,1,0,0.0
1385116800,13.38,13.50,13.44,13.25,0.00,0,0,1,0,0.0
1385116860,13.38,13.44,13.44,13.25,0.00,0,0,1,0,0.0
1385116920,13.38,13.44,13.44,13.25,0.00,0,0,1,0,0.0
1385116980,13.38,13.44,13.44,13.25,0.00,0,0,1,0,0.0
1385117040,13.38,13.50,13.44,13.25,0.00,0,0,1,0,0.0
1385117100,13.38,13.44,13.44,13.25,0.00,0,0,1,0,0.0
1385117160,13.38,13.50,13.44,13.19,0.00,0,0,1,0,0.0
1385117220,13.38,13.50,13.44,13.25,0.00,0,0,1,0,0.0
1385117280,13.38,13.44,13.44,13.25,0.00,0,0,1,0,0.0
1385117340,13.38,13.50,13.44,13.25,0.00,0,0,1,0,0.0
1385117400,13.38,13.44,13.44,13.25,0.00,0,0,1,0,0.0
1385117460,13.38,13.44,13.44,13.25,0.00,0,0,1,0,0.0
1385117520,13.38,13.44,13.44,13.25,0.00,0,0,1,0,0.0
1385117580,13.38,13.44,13.44,13.19,0.00,0,0,1,0,0.0
1385117640,13.38,13.44,13.44,13.19,0.00,0,0,1,0,0.0
1385117700,13.38,13.44,13.44,13.25,0.00,0,0,1,0,0.0
1385117760,13.38,13.44,13.44,13.25,0.00,0,0,1,0,0.0
1385117820,13.38,13.44,13.44,13.19,0.00,0,0,1,0,0.0
1385117880,13.38,13.44,13.44,13.19,0.00,0,0,1,0,0.0
1385117940,13.38,13.44,13.38,13.19,0.00,0,0,1,0,0.0
1385118000,13.38,13.44,13.38,13.19,0.00,0,0,1,0,0.0
1385118060,13.31,13.44,13.38,13.19,0.00,0,0,1,0,0.0
1385118120,13.31,13.44,13.38,13.19,0.00,0,0,1,0,0.0
1385118180,13.31,13.44,13.38,13.19,0.00,0,0,1,0,0.0
1385118240,13.38,13.44,13.44,13.25,0.00,0,0,1,0,0.0
1385118300,13.38,13.44,13.38,13.25,0.00,0,0,1,0,0.0
1385118360,13.38,13.44,13.44,13.25,0.00,0,0,1,0,0.0
1385118420,13.38,13.44,13.38,13.19,0.00,0,0,1,0,0.0
1385118480,13.31,13.44,13.38,13.19,0.00,0,0,1,0,0.0
1385118540,13.31,13.44,13.38,13.19,0.00,0,0,1,0,0.0
1385118600,13.31,13.44,13.38,13.19,0.00,0,0,1,0,0.0
1385118660,13.38,13.44,13.38,13.19,0.00,0,0,1,0,0.0
1385118720,13.38,13.44,13.38,13.19,0.00,0,0,1,0,0.0
1385118780,13.38,13.44,13.38,13.19,0.00,0,0,1,0,0.0
1385118840,13.31,13.38,13.38,13.19,0.00,0,0,1,0,0.0
1385118900,13.31,13.44,13.38,13.19,0.00,0,0,1,0,0.0
1385118960,13.38,13.44,13.38,13.19,0.00,0,0,1,0,0.0
1385119020,13.38,13.44,13.38,13.25,0.00,0,0,1,0,0.0
1385119080,13.31,13.44,13.38,13.19,0.00,0,0,1,0,0.0
1385119140,13.31,13.38,13.38,13.19,0.00,0,0,1,0,0.0
1385119200,13.31,13.44,13.38,13.19,0.00,0,0,1,0,0.0
1385119260,13.31,13.38,13.38,13.19,0.00,0,0,1,0,0.0
1385119320,13.31,13.38,13.38,13.19,0.00,0,0,1,0,0.0
1385119380,13.31,13.38,13.38,13.19,0.00,0,0,1,0,0.0
1385119440,13.31,13.38,13.38,13.19,0.00,0,0,1,0,0.0
1385119500,13.31,13.38,13.38,13.13,0.00,0,0,1,0,0.0
1385119560,13.25,13.38,13.38,13.13,0.00,0,0,1,0,0.0
1385119620,13.31,13.38,13.31,13.13,0.00,0,0,1,0,0.0
1385119680,13.31,13.38,13.38,13.13,0.00,0,0,1,0,0.0
1385119740,13.31,13.38,13.38,13.19,0.00,0,0,1,0,0.0
1385119800,13.31,13.38,13.38,13.19,0.00,0,0,1,0,0.0
1385119860,13.31,13.38,13.38,13.19,0.00,0,0,1,0,0.0
1385119920,13.31,13.38,13.31,13.13,0.00,0,0,1,0,0.0
1385119980,13.31,13.38,13.38,13.19,0.00,0,0,1,0,0.0
1385120040,13.31,13.38,13.38,13.19,0.00,0,0,1,0,0.0
1385120100,13.38,13.38,13.38,13.19,0.00,0,0,1,0,0.0
1385120160,13.38,13.38,13.38,13.25,0.00,0,0,1,0,0.0
1385120220,13.38,13.44,13.38,13.25,0.00,0,0,1,0,0.0
1385120280,13.31,13.44,13.38,13.19,0.00,0,0,1,0,0.0
1385120340,13.31,13.44,13.38,13.19,0.00,0,0,1,0,0.0
1385120400,13.38,13.44,13.38,13.19,0.00,0,0,1,0,0.0
1385120460,13.38,13.44,13.38,13.19,0.00,0,0,1,0,0.0
1385120520,13.31,13.38,13.38,13.19,0.00,0,0,1,0,0.0
1385120580,13.31,13.44,13.38,13.19,0.00,0,0,1,0,0.0
1385120640,13.31,13.38,13.38,13.19,0.00,0,0,1,0,0.0
1385120700,13.38,13.38,13.38,13.19,0.00,0,0,1,0,0.0
1385120760,13.31,13.44,13.38,13.19,0.00,0,0,1,0,0.0
1385120820,13.31,13.44,13.38,13.19,0.00,0,0,1,0,0.0
1385120880,13.31,13.38,13.38,13.19,0.00,0,0,1,0,0.0
1385120940,13.31,13.38,13.38,13.13,0.00,0,0,1,0,0.0
1385121000,13.31,13.38,13.38,13.19,0.00,0,0,1,0,0.0
1385121060,13.38,13.38,13.38,13.19,0.00,0,0,1,0,0.0
1385121120,13.31,13.38,13.38,13.19,0.00,0,0,1,0,0.0
1385121180,13.31,13.44,13.38,13.25,0.00,0,0,1,0,0.0
1385121240,13.31,13.38,13.38,13.19,0.00,0,0,1,0,0.0
1385121300,13.38,13.44,13.38,13.19,0.00,0,0,1,0,0.0
1385121360,13.38,13.38,13.38,13.19,0.00,0,0,1,0,0.0
1385121420,13.38,13.38,13.38,13.19,0.00,0,0,1,0,0.0
1385121480,13.31,13.44,13.38,13.19,0.00,0,0,1,0,0.0
1385121540,13.31,13.38,13.38,13.19,0.00,0,0,1,0,0.0
1385121600,13.31,13.38,13.31,13.13,0.00,0,0,1,0,0.0
1385121660,13.31,13.38,13.31,13.13,0.00,0,0,1,0,0.0
1385121720,13.31,13.38,13.31,13.19,0.00,0,0,1,0,0.0
1385121780,13.31,13.38,13.38,13.19,0.00,0,0,1,0,0.0
1385121840,13.31,13.38,13.31,13.13,0.00,0,0,1,0,0.0
1385121900,13.31,13.38,13.38,13.19,0.00,0,0,1,0,0.0
1385121960,13.31,13.38,13.31,13.19,0.00,0,0,1,0,0.0
1385122020,13.31,13.38,13.38,13.19,0.00,0,0,1,0,0.0
1385122080,13.31,13.38,13.31,13.19,0.00,0,0,1,0,0.0
1385122140,13.31,13.38,13.31,13.19,0.00,0,0,1,0,0.0
1385122200,13.31,13.31,13.31,13.13,0.00,0,0,1,0,0.0
1385122260,13.31,13.31,13.31,13.13,0.00,0,0,1,0,0.0
1385122320,13.31,13.31,13.31,13.13,0.00,0,0,1,0,0.0
1385122380,13.31,13.38,13.31,13.19,0.00,0,0,1,0,0.0
1385122440,13.31,13.38,13.31,13.19,0.00,0,0,1,0,0.0
1385122500,13.31,13.38,13.31,13.13,0.00,0,0,1,0,0.0
1385122560,13.31,13.38,13.31,13.19,0.00,0,0,1,0,0.0
1385122620,13.25,13.31,13.31,13.19,0.00,0,0,1,0,0.0
1385122680,13.25,13.31,13.31,13.13,0.00,0,0,1,0,0.0
1385122740,13.25,13.31,13.31,13.13,0.00,0,0,1,0,0.0
1385122800,13.19,13.31,13.31,13.06,0.00,0,0,1,0,0.0
1385122860,13.25,13.31,13.31,13.13,0.00,0,0,1,0,0.0
1385122920,13.25,13.31,13.31,13.13,0.00,0,0,1,0,0.0
1385122980,13.25,13.31,13.31,13.13,0.00,0,0,1,0,0.0
1385123040,13.25,13.31,13.31,13.06,0.00,0,0,1,0,0.0
1385123100,13.25,13.31,13.31,13.06,0.00,0,0,1,0,0.0
1385123160,13.25,13.31,13.31,13.13,0.00,0,0,1,0,0.0
1385123220,13.25,13.31,13.31,13.13,0.00,0,0,1,0,0.0
1385123280,13.25,13.31,13.31,13.06,0.00,0,0,1,0,0.0
1385123340,13.25,13.31,13.31,13.06,0.00,0,0,1,0,0.0
1385123400,13.31,13.31,13.31,13.13,0.00,0,0,1,0,0.0
1385123460,13.25,13.31,13.31,13.13,0.00,0,0,1,0,0.0
1385123520,13.25,13.31,13.31,13.13,0.00,0,0,1,0,0.0
1385123580,13.25,13.31,13.31,13.13,0.00,0,0,1,0,0.0
1385123640,13.25,13.31,13.31,13.13,0.00,0,0,1,0,0.0
1385123700,13.31,13.31,13.31,13.13,0.00,0,0,1,0,0.0
1385123760,13.31,13.38,13.31,13.13,0.00,0,0,1,0,0.0
1385123820,13.31,13.31,13.31,13.13,0.00,0,0,1,0,0.0
1385123880,13.31,13.31,13.31,13.13,0.00,0,0,1,0,0.0
1385123940,13.25,13.31,13.31,13.13,0.00,0,0,1,0,0.0
1385124000,13.31,13.31,13.31,13.13,0.00,0,0,1,0,0.0
1385124060,13.31,13.38,13.31,13.19,0.00,0,0,1,0,0.0
1385124120,13.25,13.31,13.31,13.13,0.00,0,0,1,0,0.0
1385124180,13.25,13.31,13.31,13.13,0.00,0,0,1,0,0.0
1385124240,13.25,13.31,13.31,13.13,0.00,0,0,1,0,0.0
1385124300,13.25,13.31,13.31,13.13,0.00,0,0,1,0,0.0
1385124360,13.25,13.31,13.31,13.06,0.00,0,0,1,0,0.0
1385124420,13.31,13.31,13.31,13.13,0.00,0,0,1,0,0.0
1385124480,13.25,13.31,13.31,13.13,0.00,0,0,1,0,0.0
1385124540,13.25,13.31,13.31,13.13,0.00,0,0,1,0,0.0
1385124600,13.25,13.31,13.31,13.13,0.00,0,0,1,0,0.0
1385124660,13.25,13.31,13.25,13.13,0.00,0,0,1,0,0.0
1385124720,13.25,13.31,13.31,13.13,0.00,0,0,1,0,0.0
1385124780,13.25,13.31,13.31,13.13,0.00,0,0,1,0,0.0
1385124840,13.25,13.31,13.25,13.13,0.00,0,0,1,0,0.0
1385124900,13.25,13.31,13.25,13.13,0.00,0,0,1,0,0.0
1385124960,13.25,13.31,13.25,13.13,0.00,0,0,1,0,0.0
1385125020,13.25,13.31,13.31,13.13,0.00,0,0,1,0,0.0
1385125080,13.19,13.31,13.25,13.06,0.00,0,0,1,0,0.0
1385125140,13.25,13.31,13.25,13.06,0.00,0,0,1,0,0.0
1385125200,13.25,13.31,13.25,13.06,0.00,0,0,1,0,0.0
1385125260,13.25,13.31,13.25,13.13,0.00,0,0,1,0,0.0
1385125320,13.25,13.31,13.25,13.06,0.00,0,0,1,0,0.0
1385125380,13.25,13.31,13.25,13.13,0.00,0,0,1,0,0.0
1385125440,13.25,13.31,13.25,13.13,0.00,0,0,1,0,0.0
1385125500,13.25,13.31,13.25,13.13,0.00,0,0,1,0,0.0
1385125560,13.31,13.31,13.25,13.13,0.00,0,0,1,0,0.0
1385125620,13.25,13.31,13.25,13.13,0.00,0,0,1,0,0.0
1385125680,13.25,13.25,13.25,13.06,0.00,0,0,1,0,0.0
1385125740,13.25,13.25,13.25,13.13,0.00,0,0,1,0,0.0
1385125800,13.25,13.25,13.25,13.06,0.00,0,0,1,0,0.0
1385125860,13.25,13.31,13.25,13.06,0.00,0,0,1,0,0.0
1385125920,13.19,13.25,13.25,13.06,0.00,0,0,1,0,0.0
1385125980,13.19,13.25,13.25,13.06,0.00,0,0,1,0,0.0
1385126040,13.19,13.25,13.25,13.00,0.00,0,0,1,0,0.0
1385126100,13.19,13.25,13.19,13.06,0.00,0,0,1,0,0.0
1385126160,13.19,13.25,13.19,13.06,0.00,0,0,1,0,0.0
1385126220,13.19,13.25,13.19,13.06,0.00,0,0,1,0,0.0
1385126280,13.13,13.25,13.19,13.06,0.00,0,0,1,0,0.0
1385126340,13.19,13.19,13.19,13.06,0.00,0,0,1,0,0.0
1385126400,13.19,13.19,13.19,13.00,0.00,0,0,1,0,0.0
1385126460,13.19,13.25,13.19,13.00,0.00,0,0,1,0,0.0
1385126520,13.19,13.25,13.19,13.00,0.00,0,0,1,0,0.0
1385126580,13.19,13.25,13.19,13.00,0.00,0,0,1,0,0.0
1385126640,13.19,13.25,13.19,13.06,0.00,0,0,1,0,0.0
1385126700,13.13,13.25,13.25,13.00,0.00,0,0,1,0,0.0
1385126760,13.19,13.25,13.19,13.06,0.00,0,0,1,0,0.0
1385126820,13.19,13.25,13.19,13.00,0.00,0,0,1,0,0.0
1385126880,13.19,13.25,13.19,13.00,0.00,0,0,1,0,0.0
1385126940,13.19,13.25,13.19,13.00,0.00,0,0,1,0,0.0
1385127000,13.13,13.19,13.19,13.00,0.00,0,0,1,0,0.0
1385127060,13.13,13.25,13.19,13.00,0.00,0,0,1,0,0.0
1385127120,13.13,13.19,13.19,13.00,0.00,0,0,1,0,0.0
1385127180,13.13,13.19,13.19,12.94,0.00,0,0,1,0,0.0
1385127240,13.13,13.19,13.19,13.00,0.00,0,0,1,0,0.0
1385127300,13.13,13.19,13.19,13.00,0.00,0,0,1,0,0.0
1385127360,13.13,13.19,13.19,13.00,0.00,0,0,1,0,0.0
1385127420,13.13,13.19,13.19,13.00,0.00,0,0,1,0,0.0
1385127480,13.13,13.19,13.19,12.94,0.00,0,0,1,0,0.0
1385127540,13.06,13.19,13.13,12.94,0.00,0,0,1,0,0.0
1385127600,13.06,13.19,13.13,12.94,0.00,0,0,1,0,0.0
1385127660,13.13,13.19,13.13,12.94,0.00,0,0,1,0,0.0
1385127720,13.13,13.19,13.19,13.00,0.00,0,0,1,0,0.0
1385127780,13.13,13.19,13.13,13.00,0.00,0,0,1,0,0.0
1385127840,13.13,13.19,13.13,13.00,0.00,0,0,1,0,0.0
1385127900,13.13,13.19,13.19,12.94,0.00,0,0,1,0,0.0
1385127960,13.13,13.19,13.13,13.00,0.00,0,0,1,0,0.0
1385128020,13.06,13.19,13.13,12.94,0.00,0,0,1,0,0.0
1385128080,13.13,13.13,13.13,13.00,0.00,0,0,1,0,0.0
1385128140,13.06,13.19,13.13,12.94,0.00,0,0,1,0,0.0
1385128200,13.06,13.13,13.13,12.94,0.00,0,0,1,0,0.0
1385128260,13.06,13.13,13.13,12.88,0.00,0,0,1,0,0.0
1385128320,13.06,13.13,13.13,12.94,0.00,0,0,1,0,0.0
1385128380,13.06,13.13,13.13,12.94,0.00,0,0,1,0,0.0
1385128440,13.06,13.13,13.13,12.94,0.00,0,0,1,0,0.0
1385128500,13.06,13.13,13.13,12.94,0.00,0,0,1,0,0.0
1385128560,13.06,13.13,13.13,12.88,0.00,0,0,1,0,0.0
1385128620,13.06,13.13,13.13,12.88,0.00,0,0,1,0,0.0
1385128680,13.13,13.13,13.13,12.94,0.00,0,0,1,0,0.0
1385128740,13.06,13.13,13.06,12.88,0.00,0,0,1,0,0.0
1385128800,13.06,13.13,13.13,12.94,0.00,0,0,1,0,0.0
1385128860,13.06,13.13,13.06,12.88,0.00,0,0,1,0,0.0
1385128920,13.06,13.13,13.13,12.88,0.00,0,0,1,0,0.0
1385128980,13.06,13.13,13.13,12.94,0.00,0,0,1,0,0.0
1385129040,13.06,13.13,13.13,12.88,0.00,0,0,1,0,0.0
1385129100,13.06,13.13,13.13,12.88,0.00,0,0,1,0,0.0
1385129160,13.06,13.13,13.13,12.88,0.00,0,0,1,0,0.0
1385129220,13.06,13.13,13.06,12.88,0.00,0,0,1,0,0.0
1385129280,13.06,13.13,13.06,12.94,0.00,0,0,1,0,0.0
1385129340,13.06,13.13,13.06,12.94,0.00,0,0,1,0,0.0
1385129400,13.06,13.13,13.06,12.94,0.00,0,0,1,0,0.0
1385129460,13.06,13.13,13.06,12.94,0.00,0,0,1,0,0.0
1385129520,13.06,13.13,13.06,12.94,0.00,0,0,1,0,0.0
1385129580,13.13,13.13,13.13,12.94,0.00,0,0,1,0,0.0
1385129640,13.06,13.13,13.13,12.94,0.00,0,0,1,0,0.0
1385129700,13.13,13.13,13.06,13.00,0.00,0,0,1,0,0.0
1385129760,13.13,13.13,13.13,12.94,0.00,0,0,1,0,0.0
1385129820,13.13,13.13,13.13,13.00,0.00,0,0,1,0,0.0
1385129880,13.13,13.13,13.13,12.94,0.00,0,0,1,0,0.0
1385129940,13.13,13.13,13.13,12.94,0.00,0,0,1,0,0.0
1385130000,13.13,13.13,13.13,12.94,0.00,0,0,1,0,0.0
1385130060,13.13,13.13,13.13,12.94,0.00,0,0,1,0,0.0
1385130120,13.13,13.13,13.13,12.94,0.00,0,0,1,0,0.0
1385130180,13.13,13.13,13.13,13.00,0.00,0,0,1,0,0.0
1385130240,13.13,13.13,13.13,13.00,0.00,0,0,1,0,0.0
1385130300,13.13,13.19,13.13,13.00,0.00,0,0,1,0,0.0
1385130360,13.13,13.13,13.13,13.00,0.00,0,0,1,0,0.0
1385130420,13.13,13.13,13.13,12.94,0.00,0,0,1,0,0.0
1385130480,13.13,13.19,13.13,13.00,0.00,0,0,1,0,0.0
1385130540,13.13,13.19,13.13,13.00,0.00,0,0,1,0,0.0
1385130600,13.13,13.19,13.13,13.00,0.00,0,0,1,0,0.0
1385130660,13.13,13.13,13.13,12.94,0.00,0,0,1,0,0.0
1385130720,13.13,13.13,13.13,13.00,0.00,0,0,1,0,0.0
1385130780,13.06,13.13,13.13,12.94,0.00,0,0,1,0,0.0
1385130840,13.06,13.13,13.13,12.94,0.00,0,0,1,0,0.0
1385130900,13.13,13.13,13.13,12.94,0.00,0,0,1,0,0.0
1385130960,13.13,13.13,13.13,13.00,0.00,0,0,1,0,0.0
1385131020,13.13,13.13,13.13,13.00,0.00,0,0,1,0,0.0
1385131080,13.13,13.13,13.13,13.00,0.00,0,0,1,0,0.0
1385131140,13.19,13.19,13.13,13.00,0.00,0,0,1,0,0.0
1385131200,13.13,13.19,13.13,13.00,0.00,0,0,1,0,0.0
1385131260,13.13,13.19,13.19,13.00,0.00,0,0,1,0,0.0
1385131320,13.13,13.19,13.13,13.00,0.00,0,0,1,0,0.0
1385131380,13.13,13.19,13.13,13.00,0.00,0,0,1,0,0.0
1385131440,13.13,13.19,13.13,13.00,0.00,0,0,1,0,0.0
1385131500,13.13,13.19,13.13,13.00,0.00,0,0,1,0,0.0
1385131560,13.13,13.13,13.13,12.94,0.00,0,0,1,0,0.0
1385131620,13.13,13.13,13.13,13.00,0.00,0,0,1,0,0.0
1385131680,13.13,13.13,13.13,13.00,0.00,0,0,1,0,0.0
1385131740,13.13,13.13,13.13,13.00,0.00,0,0,1,0,0.0
1385131800,13.13,13.19,13.13,13.00,0.00,0,0,1,0,0.0
1385131860,13.13,13.13,13.13,13.00,0.00,0,0,1,0,0.0
1385131920,13.13,13.13,13.13,13.00,0.00,0,0,1,0,0.0
1385131980,13.06,13.13,13.19,13.00,0.00,0,0,1,0,0.0
1385132040,13.13,13.19,13.13,12.94,0.00,0,0,1,0,0.0
1385132100,13.13,13.13,13.13,13.00,0.00,0,0,1,0,0.0
1385132160,13.13,13.19,13.13,13.00,0.00,0,0,1,0,0.0
1385132220,13.13,13.19,13.13,13.00,0.00,0,0,1,0,0.0
1385132280,13.13,13.19,13.13,12.94,0.00,0,0,1,0,0.0
1385132340,13.13,13.13,13.13,13.00,0.00,0,0,1,0,0.0
1385132400,13.13,13.19,13.13,13.00,0.00,0,0,1,0,0.0
1385132460,13.13,13.13,13.13,13.00,0.00,0,0,1,0,0.0
1385132520,13.13,13.19,13.13,13.00,0.00,0,0,1,0,0.0
1385132580,13.13,13.19,13.13,13.00,0.00,0,0,1,0,0.0
1385132640,13.13,13.13,13.13,13.00,0.00,0,0,1,0,0.0
1385132700,13.13,13.13,13.13,13.00,0.00,0,0,1,0,0.0
1385132760,13.13,13.19,13.13,13.00,0.00,0,0,1,0,0.0
1385132820,13.13,13.13,13.19,13.00,0.00,0,0,1,0,0.0
1385132880,13.13,13.19,13.13,13.00,0.00,0,0,1,0,0.0
1385132940,13.13,13.19,13.13,13.00,0.00,0,0,1,0,0.0
1385133000,13.19,13.19,13.13,13.00,0.00,0,0,1,0,0.0
1385133060,13.13,13.19,13.13,13.00,0.00,0,0,1,0,0.0
1385133120,13.19,13.19,13.19,13.00,0.00,0,0,1,0,0.0
1385133180,13.13,13.19,13.19,13.00,0.00,0,0,1,0,0.0
1385133240,13.13,13.19,13.19,13.00,0.00,0,0,1,0,0.0
1385133300,13.13,13.19,13.13,13.06,0.00,0,0,1,0,0.0
1385133360,13.13,13.19,13.19,13.00,0.00,0,0,1,0,0.0
1385133420,13.13,13.19,13.13,13.00,0.00,0,0,1,0,0.0
1385133480,13.13,13.19,13.19,13.00,0.00,0,0,1,0,0.0
1385133540,13.13,13.19,13.19,13.00,0.00,0,0,1,0,0.0
1385133600,13.13,13.13,13.13,13.00,0.00,0,0,1,0,0.0
1385133660,13.06,13.13,13.13,12.94,0.00,0,0,1,0,0.0
1385133720,13.06,13.13,13.13,12.94,0.00,0,0,1,0,0.0
1385133780,13.13,13.13,13.13,12.94,0.00,0,0,1,0,0.0
1385133840,13.06,13.13,13.13,12.94,0.00,0,0,1,0,0.0
1385133900,13.13,13.13,13.13,12.94,0.00,0,0,1,0,0.0
1385133960,13.06,13.13,13.13,13.00,0.00,0,0,1,0,0.0
1385134020,13.06,13.13,13.13,12.94,0.00,0,0,1,0,0.0
1385134080,13.06,13.19,13.13,12.94,0.00,0,0,1,0,0.0
1385134140,13.00,13.13,13.13,12.88,0.00,0,0,1,0,0.0
1385134200,13.06,13.13,13.13,12.94,0.00,0,0,1,0,0.0
1385134260,13.06,13.13,13.13,12.94,0.00,0,0,1,0,0.0
1385134320,13.13,13.13,13.13,12.94,0.00,0,0,1,0,0.0
1385134380,13.06,13.13,13.13,12.94,0.00,0,0,1,0,0.0
1385134440,13.13,13.13,13.13,12.94,0.00,0,0,1,0,0.0
1385134500,13.06,13.13,13.13,12.94,0.00,0,0,1,0,0.0
1385134560,13.06,13.13,13.06,12.94,0.00,0,0,1,0,0.0
1385134620,13.06,13.13,13.13,12.94,0.00,0,0,1,0,0.0
1385134680,13.13,13.13,13.13,13.00,0.00,0,0,1,0,0.0
1385134740,13.13,13.13,13.13,13.00,0.00,0,0,1,0,0.0
1385134800,13.06,13.13,13.13,13.00,0.00,0,0,1,0,0.0
1385134860,13.13,13.13,13.13,13.00,0.00,0,0,1,0,0.0
1385134920,13.06,13.13,13.13,12.94,0.00,0,0,1,0,0.0
1385134980,13.06,13.06,13.13,12.94,0.00,0,0,1,0,0.0
1385135040,13.06,13.13,13.13,12.94,0.00,0,0,1,0,0.0
1385135100,13.06,13.13,13.06,13.00,0.00,0,0,1,0,0.0
1385135160,13.06,13.13,13.06,12.94,0.00,0,0,1,0,0.0
1385135220,13.06,13.13,13.06,12.94,0.00,0,0,1,0,0.0
1385135280,13.06,13.13,13.06,12.94,0.00,0,0,1,0,0.0
1385135340,13.06,13.06,13.06,12.94,0.00,0,0,1,0,0.0
1385135400,13.06,13.13,13.06,12.94,0.00,0,0,1,0,0.0
1385135460,13.06,13.13,13.13,12.94,0.00,0,0,1,0,0.0
1385135520,13.06,13.13,13.06,12.94,0.00,0,0,1,0,0.0
1385135580,13.00,13.06,13.06,12.88,0.00,0,0,1,0,0.0
1385135640,13.06,13.06,13.00,12.88,0.00,0,0,1,0,0.0
1385135700,13.06,13.13,13.06,12.88,0.00,0,0,1,0,0.0
1385135760,13.06,13.06,13.06,12.94,0.00,0,0,1,0,0.0
1385135820,13.00,13.06,13.00,12.94,0.00,0,0,1,0,0.0
1385135880,13.06,13.06,13.06,12.94,0.00,0,0,1,0,0.0
1385135940,13.00,13.06,13.06,12.88,0.00,0,0,1,0,0.0
1385136000,13.06,13.06,13.06,12.94,0.00,0,0,1,0,0.0
1385136060,13.00,13.06,13.06,12.88,0.00,0,0,1,0,0.0
1385136120,13.00,13.06,13.06,12.88,0.00,0,0,1,0,0.0
1385136180,13.00,13.06,13.06,12.88,0.00,0,0,1,0,0.0
1385136240,13.06,13.06,13.06,12.94,0.00,0,0,1,0,0.0
1385136300,13.00,13.06,13.06,12.88,0.00,0,0,1,0,0.0
1385136360,13.00,13.06,13.06,12.94,0.00,0,0,1,0,0.0
1385136420,13.00,13.06,13.06,12.94,0.00,0,0,1,0,0.0
1385136480,13.06,13.06,13.06,12.94,0.00,0,0,1,0,0.0
1385136540,13.06,13.06,13.06,12.94,0.00,0,0,1,0,0.0
1385136600,13.00,13.06,13.06,12.94,0.00,0,0,1,0,0.0
1385136660,13.00,13.06,13.00,12.88,0.00,0,0,1,0,0.0
1385136720,13.00,13.06,13.00,12.88,0.00,0,0,1,0,0.0
1385136780,13.00,13.06,13.06,12.88,0.00,0,0,1,0,0.0
1385136840,13.00,13.06,13.06,12.88,0.00,0,0,1,0,0.0
1385136900,13.00,13.06,13.00,12.88,0.00,0,0,1,0,0.0
1385136960,13.00,13.06,13.00,12.88,0.00,0,0,1,0,0.0
1385137020,12.94,13.00,13.00,12.88,0.00,0,0,1,0,0.0
1385137080,13.00,13.06,13.00,12.88,0.00,0,0,1,0,0.0
1385137140,13.00,13.06,13.00,12.88,0.00,0,0,1,0,0.0
1385137200,13.00,13.06,13.00,12.88,0.00,0,0,1,0,0.0
1385137260,13.00,13.00,13.00,12.88,0.00,0,0,1,0,0.0
1385137320,13.00,13.06,13.00,12.88,0.00,0,0,1,0,0.0
1385137380,13.00,13.06,13.00,12.88,0.00,0,0,1,0,0.0
1385137440,12.94,13.00,13.00,12.81,0.00,0,0,1,0,0.0
1385137500,13.00,13.00,13.00,12.81,0.00,0,0,1,0,0.0
1385137560,13.00,13.00,13.00,12.88,0.00,0,0,1,0,0.0
1385137620,13.00,13.00,13.00,12.88,0.00,0,0,1,0,0.0
1385137680,12.94,13.06,13.00,12.81,0.00,0,0,1,0,0.0
1385137740,13.00,13.00,13.00,12.81,0.00,0,0,1,0,0.0
1385137800,12.94,13.00,13.00,12.88,0.00,0,0,1,0,0.0
1385137860,13.00,13.00,13.00,12.88,0.00,0,0,1,0,0.0
1385137920,13.00,13.00,13.00,12.88,0.00,0,0,1,0,0.0
1385137980,13.00,13.00,13.00,12.88,0.00,0,0,1,0,0.0
1385138040,13.00,13.00,13.00,12.88,0.00,0,0,1,0,0.0
1385138100,13.00,13.00,13.00,12.88,0.00,0,0,1,0,0.0
1385138160,13.00,13.00,13.00,12.81,0.00,0,0,1,0,0.0
1385138220,12.94,13.00,13.00,12.88,0.00,0,0,1,0,0.0
1385138280,12.94,13.00,13.00,12.81,0.00,0,0,1,0,0.0
1385138340,12.94,13.00,12.94,12.81,0.00,0,0,1,0,0.0
1385138400,13.00,13.00,13.00,12.88,0.00,0,0,1,0,0.0
1385138460,12.94,13.00,12.94,12.81,0.00,0,0,1,0,0.0
1385138520,13.00,13.00,13.00,12.81,0.00,0,0,1,0,0.0
1385138580,12.94,13.00,13.00,12.81,0.00,0,0,1,0,0.0
1385138640,13.00,13.00,13.00,12.81,0.00,0,0,1,0,0.0
1385138700,12.94,13.00,13.00,12.81,0.00,0,0,1,0,0.0
1385138760,12.94,13.00,13.00,12.81,0.00,0,0,1,0,0.0
1385138820,12.94,13.00,13.00,12.81,0.00,0,0,1,0,0.0
1385138880,12.94,13.00,13.00,12.88,0.00,0,0,1,0,0.0
1385138940,12.94,13.00,13.00,12.88,0.00,0,0,1,0,0.0
1385139000,12.94,13.00,13.00,12.81,0.00,0,0,1,0,0.0
1385139060,12.94,13.00,13.00,12.81,0.00,0,0,1,0,0.0
1385139120,12.94,13.00,13.00,12.81,0.00,0,0,1,0,0.0
1385139180,13.00,13.00,13.00,12.81,0.00,0,0,1,0,0.0
1385139240,13.00,13.00,13.00,12.81,0.00,0,0,1,0,0.0
1385139300,12.94,13.00,13.00,12.81,0.00,0,0,1,0,0.0
1385139360,12.94,13.00,13.00,12.81,0.00,0,0,1,0,0.0
1385139420,12.94,13.00,13.00,12.81,0.00,0,0,1,0,0.0
1385139480,12.94,13.00,13.00,12.81,0.00,0,0,1,0,0.0
1385139540,12.94,13.00,12.94,12.81,0.00,0,0,1,0,0.0
1385139600,12.94,13.00,12.94,12.81,0.00,0,0,1,0,0.0
1385139660,12.94,13.00,12.94,12.81,0.00,0,0,1,0,0.0
1385139720,12.94,13.00,12.94,12.81,0.00,0,0,1,0,0.0
1385139780,12.94,13.00,13.00,12.81,0.00,0,0,1,0,0.0
1385139840,12.94,13.00,12.94,12.81,0.00,0,0,1,0,0.0
1385139900,12.94,13.00,13.00,12.81,0.00,0,0,1,0,0.0
1385139960,12.88,13.00,12.94,12.75,0.00,0,0,1,0,0.0
1385140020,12.94,12.94,12.94,12.81,0.00,0,0,1,0,0.0
1385140080,12.88,12.94,12.94,12.75,0.00,0,0,1,0,0.0
1385140140,12.88,12.94,12.94,12.75,0.00,0,0,1,0,0.0
1385140200,12.88,12.94,12.94,12.81,0.00,0,0,1,0,0.0
1385140260,12.94,12.94,12.94,12.81,0.00,0,0,1,0,0.0
1385140320,12.94,12.94,12.94,12.81,0.00,0,0,1,0,0.0
1385140380,12.94,12.94,12.94,12.81,0.00,0,0,1,0,0.0
1385140440,12.94,12.94,12.94,12.75,0.00,0,0,1,0,0.0
1385140500,12.94,12.94,12.94,12.81,0.00,0,0,1,0,0.0
1385140560,12.94,12.94,12.94,12.81,0.00,0,0,1,0,0.0
1385140620,12.88,12.94,12.94,12.81,0.00,0,0,1,0,0.0
1385140680,12.94,12.94,12.94,12.81,0.00,0,0,1,0,0.0
1385140740,12.88,13.00,12.94,12.81,0.00,0,0,1,0,0.0
1385140800,12.94,12.94,12.94,12.81,0.00,0,0,1,0,0.0
1385140860,12.94,12.94,12.94,12.81,0.00,0,0,1,0,0.0
1385140920,12.88,13.00,12.94,12.81,0.00,0,0,1,0,0.0
1385140980,12.94,12.94,12.94,12.81,0.00,0,0,1,0,0.0
1385141040,12.94,12.94,12.94,12.81,0.00,0,0,1,0,0.0
1385141100,12.94,12.94,12.94,12.81,0.00,0,0,1,0,0.0
1385141160,12.88,12.94,12.94,12.75,0.00,0,0,1,0,0.0
1385141220,12.88,12.94,12.94,12.75,0.00,0,0,1,0,0.0
1385141280,12.88,12.94,12.94,12.81,0.00,0,0,1,0,0.0
1385141340,12.94,12.94,12.94,12.81,0.00,0,0,1,0,0.0
1385141400,12.94,12.94,12.94,12.81,0.00,0,0,1,0,0.0
1385141460,12.94,12.94,12.94,12.81,0.00,0,0,1,0,0.0
1385141520,12.88,12.94,12.94,12.75,0.00,0,0,1,0,0.0
1385141580,12.94,12.94,12.94,12.81,0.00,0,0,1,0,0.0
1385141640,12.94,12.94,12.94,12.81,0.00,0,0,1,0,0.0
1385141700,12.94,12.94,12.94,12.75,0.00,0,0,1,0,0.0
1385141760,12.94,12.94,12.94,12.81,0.00,0,0,1,0,0.0
1385141820,12.94,12.94,12.94,12.81,0.00,0,0,1,0,0.0
1385141880,12.88,12.94,12.94,12.75,0.00,0,0,1,0,0.0
1385141940,12.88,12.94,12.94,12.81,0.00,0,0,1,0,0.0
1385142000,12.88,12.94,12.94,12.75,0.00,0,0,1,0,0.0
1385142060,12.88,12.88,12.88,12.75,0.00,0,0,1,0,0.0
1385142120,12.88,12.94,12.88,12.75,0.00,0,0,1,0,0.0
1385142180,12.88,12.94,12.88,12.69,0.00,0,0,1,0,0.0
1385142240,12.88,12.94,12.88,12.75,0.00,0,0,1,0,0.0
1385142300,12.81,12.88,12.88,12.75,0.00,0,0,1,0,0.0
1385142360,12.81,12.94,12.88,12.75,0.00,0,0,1,0,0.0
1385142420,12.81,12.88,12.88,12.69,0.00,0,0,1,0,0.0
1385142480,12.81,12.88,12.81,12.69,0.00,0,0,1,0,0.0
1385142540,12.81,12.88,12.88,12.69,0.00,0,0,1,0,0.0
1385142600,12.81,12.88,12.88,12.69,0.00,0,0,1,0,0.0
1385142660,12.81,12.88,12.88,12.69,0.00,0,0,1,0,0.0
1385142720,12.81,12.88,12.88,12.69,0.00,0,0,1,0,0.0
1385142780,12.75,12.88,12.88,12.63,0.00,0,0,1,0,0.0
1385142840,12.81,12.88,12.88,12.63,0.00,0,0,1,0,0.0
1385142900,12.81,12.88,12.88,12.69,0.00,0,0,1,0,0.0
1385142960,12.81,12.88,12.88,12.69,0.00,0,0,1,0,0.0
1385143020,12.75,12.88,12.81,12.63,0.00,0,0,1,0,0.0
1385143080,12.81,12.88,12.81,12.63,0.00,0,0,1,0,0.0
1385143140,12.81,12.88,12.81,12.69,0.00,0,0,1,0,0.0
1385143200,12.81,12.88,12.81,12.69,0.00,0,0,1,0,0.0
1385143260,12.75,12.88,12.81,12.69,0.00,0,0,1,0,0.0
1385143320,12.81,12.88,12.81,12.69,0.00,0,0,1,0,0.0
1385143380,12.81,12.88,12.81,12.69,0.00,0,0,1,0,0.0
1385143440,12.75,12.88,12.81,12.63,0.00,0,0,1,0,0.0
1385143500,12.81,12.88,12.81,12.63,0.00,0,0,1,0,0.0
1385143560,12.75,12.81,12.81,12.69,0.00,0,0,1,0,0.0
1385143620,12.75,12.81,12.81,12.63,0.00,0,0,1,0,0.0
1385143680,12.75,12.81,12.81,12.63,0.00,0,0,1,0,0.0
1385143740,12.75,12.81,12.81,12.63,0.00,0,0,1,0,0.0
1385143800,12.75,12.81,12.81,12.63,0.00,0,0,1,0,0.0
1385143860,12.75,12.81,12.81,12.63,0.00,0,0,1,0,0.0
1385143920,12.75,12.81,12.81,12.63,0.00,0,0,1,0,0.0
1385143980,12.75,12.81,12.81,12.63,0.00,0,0,1,0,0.0
1385144040,12.81,12.81,12.81,12.63,0.00,0,0,1,0,0.0
1385144100,12.75,12.81,12.81,12.69,0.00,0,0,1,0,0.0
1385144160,12.75,12.81,12.81,12.63,0.00,0,0,1,0,0.0
1385144220,12.75,12.81,12.81,12.63,0.00,0,0,1,0,0.0
1385144280,12.81,12.81,12.81,12.63,0.00,0,0,1,0,0.0
1385144340,12.81,12.81,12.81,12.63,0.00,0,0,1,0,0.0
1385144400,12.75,12.81,12.81,12.63,0.00,0,0,1,0,0.0
1385144460,12.75,12.81,12.81,12.63,0.00,0,0,1,0,0.0
1385144520,12.75,12.81,12.81,12.63,0.00,0,0,1,0,0.0
1385144580,12.75,12.81,12.81,12.63,0.00,0,0,1,0,0.0
1385144640,12.75,12.81,12.81,12.63,0.00,0,0,1,0,0.0
1385144700,12.75,12.81,12.81,12.69,0.00,0,0,1,0,0.0
1385144760,12.81,12.81,12.81,12.63,0.00,0,0,1,0,0.0
1385144820,12.81,12.81,12.81,12.63,0.00,0,0,1,0,0.0
1385144880,12.75,12.81,12.81,12.63,0.00,0,0,1,0,0.0
1385144940,12.75,12.81,12.81,12.69,0.00,0,0,1,0,0.0
1385145000,12.75,12.81,12.81,12.63,0.00,0,0,1,0,0.0
1385145060,12.81,12.81,12.81,12.63,0.00,0,0,1,0,0.0
1385145120,12.75,12.81,12.81,12.63,0.00,0,0,1,0,0.0
1385145180,12.75,12.81,12.81,12.56,0.00,0,0,1,0,0.0
1385145240,12.75,12.81,12.75,12.56,0.00,0,0,1,0,0.0
1385145300,12.75,12.81,12.81,12.63,0.00,0,0,1,0,0.0
1385145360,12.75,12.81,12.81,12.63,0.00,0,0,1,0,0.0
1385145420,12.75,12.81,12.81,12.63,0.00,0,0,1,0,0.0
1385145480,12.75,12.81,12.81,12.63,0.00,0,0,1,0,0.0
1385145540,12.75,12.81,12.81,12.63,0.00,0,0,1,0,0.0
1385145600,12.81,12.81,12.81,12.63,0.00,0,0,1,0,0.0
1385145660,12.81,12.81,12.81,12.63,0.00,0,0,1,0,0.0
1385145720,12.81,12.81,12.81,12.63,0.00,0,0,1,0,0.0
1385145780,12.75,12.81,12.81,12.63,0.00,0,0,1,0,0.0
1385145840,12.75,12.81,12.81,12.63,0.00,0,0,1,0,0.0
1385145900,12.75,12.81,12.81,12.56,0.00,0,0,1,0,0.0
1385145960,12.75,12.81,12.81,12.63,0.00,0,0,1,0,0.0
1385146020,12.75,12.81,12.81,12.63,0.00,0,0,1,0,0.0
1385146080,12.75,12.81,12.81,12.63,0.00,0,0,1,0,0.0
1385146140,12.81,12.81,12.81,12.63,0.00,0,0,1,0,0.0
1385146200,12.75,12.81,12.81,12.63,0.00,0,0,1,0,0.0
1385146260,12.81,12.81,12.81,12.63,0.00,0,0,1,0,0.0
1385146320,12.81,12.81,12.81,12.63,0.00,0,0,1,0,0.0
1385146380,12.81,12.81,12.81,12.69,0.00,0,0,1,0,0.0
1385146440,12.81,12.81,12.81,12.69,0.00,0,0,1,0,0.0
1385146500,12.88,12.81,12.88,12.69,0.00,0,0,1,0,0.0
1385146560,12.81,12.81,12.88,12.69,0.00,0,0,1,0,0.0
1385146620,12.88,12.81,12.88,12.75,0.00,0,0,1,0,0.0
1385146680,12.88,12.88,12.81,12.75,0.00,0,0,1,0,0.0
1385146740,12.88,12.81,12.88,12.69,0.00,0,0,1,0,0.0
1385146800,12.88,12.88,12.88,12.69,0.00,0,0,1,0,0.0
1385146860,12.88,12.88,12.88,12.75,0.00,0,0,1,0,0.0
1385146920,12.88,12.81,12.88,12.69,0.00,0,0,1,0,0.0
1385146980,12.81,12.88,12.88,12.69,0.00,0,0,1,0,0.0
1385147040,12.81,12.88,12.88,12.69,0.00,0,0,1,0,0.0
1385147100,12.88,12.88,12.88,12.75,0.00,0,0,1,0,0.0
1385147160,12.88,12.88,12.88,12.69,0.00,0,0,1,0,0.0
1385147220,12.88,12.88,12.88,12.75,0.00,0,0,1,0,0.0
1385147280,12.81,12.88,12.88,12.69,0.00,0,0,1,0,0.0
1385147340,12.88,12.88,12.88,12.69,0.00,0,0,1,0,0.0
1385147400,12.88,12.88,12.88,12.75,0.00,0,0,1,0,0.0
1385147460,12.88,12.88,12.88,12.75,0.00,0,0,1,0,0.0
1385147520,12.88,12.88,12.88,12.75,0.00,0,0,1,0,0.0
1385147580,12.88,12.88,12.88,12.75,0.00,0,0,1,0,0.0
1385147640,12.88,12.88,12.88,12.75,0.00,0,0,1,0,0.0
1385147700,12.88,12.88,12.88,12.75,0.00,0,0,1,0,0.0
1385147760,12.88,12.88,12.88,12.75,0.00,0,0,1,0,0.0
1385147820,12.88,12.88,12.88,12.75,0.00,0,0,1,0,0.0
1385147880,12.88,12.88,12.88,12.75,0.00,0,0,1,0,0.0
1385147940,12.88,12.88,12.88,12.75,0.00,0,0,1,0,0.0
1385148000,12.88,12.88,12.88,12.75,0.00,0,0,1,0,0.0
1385148060,12.81,12.88,12.88,12.69,0.00,0,0,1,0,0.0
1385148120,12.88,12.88,12.88,12.69,0.00,0,0,1,0,0.0
1385148180,12.81,12.88,12.88,12.69,0.00,0,0,1,0,0.0
1385148240,12.81,12.88,12.88,12.69,0.00,0,0,1,0,0.0
1385148300,12.88,12.88,12.88,12.69,0.00,0,0,1,0,0.0
1385148360,12.88,12.88,12.88,12.75,0.00,0,0,1,0,0.0
1385148420,12.88,12.88,12.88,12.75,0.00,0,0,1,0,0.0
1385148480,12.88,12.88,12.88,12.75,0.00,0,0,1,0,0.0
1385148540,12.88,12.88,12.88,12.75,0.00,0,0,1,0,0.0
1385148600,12.81,12.88,12.88,12.69,0.00,0,0,1,0,0.0
1385148660,12.88,12.88,12.88,12.69,0.00,0,0,1,0,0.0
1385148720,12.88,12.88,12.88,12.75,0.00,0,0,1,0,0.0
1385148780,12.88,12.88,12.88,12.75,0.00,0,0,1,0,0.0
1385148840,12.88,12.88,12.88,12.75,0.00,0,0,1,0,0.0
1385148900,12.88,12.88,12.88,12.75,0.00,0,0,1,0,0.0
1385148960,12.88,12.88,12.88,12.75,0.00,0,0,1,0,0.0
1385149020,12.88,12.88,12.88,12.75,0.00,0,0,1,0,0.0
1385149080,12.88,12.88,12.88,12.75,0.00,0,0,1,0,0.0
1385149140,12.88,12.88,12.88,12.75,0.00,0,0,1,0,0.0
1385149200,12.88,12.88,12.88,12.75,0.00,0,0,1,0,0.0
1385149260,12.88,12.94,12.88,12.75,0.00,0,0,1,0,0.0
1385149320,12.88,12.88,12.88,12.75,0.00,0,0,1,0,0.0
1385149380,12.88,12.94,12.88,12.75,0.00,0,0,1,0,0.0
1385149440,12.88,12.88,12.88,12.81,0.00,0,0,1,0,0.0
1385149500,12.88,12.88,12.94,12.75,0.00,0,0,1,0,0.0
1385149560,12.88,12.94,12.88,12.75,0.00,0,0,1,0,0.0
1385149620,12.88,12.88,12.94,12.81,0.00,0,0,1,0,0.0
1385149680,12.94,12.94,12.88,12.81,0.00,0,0,1,0,0.0
1385149740,12.88,12.88,12.88,12.75,0.00,0,0,1,0,0.0
1385149800,12.88,12.88,12.88,12.75,0.00,0,0,1,0,0.0
1385149860,12.88,12.94,12.88,12.75,0.00,0,0,1,0,0.0
1385149920,12.88,12.94,12.88,12.75,0.00,0,0,1,0,0.0
1385149980,12.88,12.88,12.88,12.75,0.00,0,0,1,0,0.0
1385150040,12.88,12.88,12.88,12.75,0.00,0,0,1,0,0.0
1385150100,12.88,12.94,12.94,12.75,0.00,0,0,1,0,0.0
1385150160,12.88,12.88,12.88,12.81,0.00,0,0,1,0,0.0
1385150220,12.88,12.88,12.88,12.81,0.00,0,0,1,0,0.0
1385150280,12.88,12.88,12.88,12.75,0.00,0,0,1,0,0.0
1385150340,12.94,12.88,12.94,12.75,0.00,0,0,1,0,0.0
1385150400,12.88,12.94,12.88,12.75,0.00,0,0,1,0,0.0
1385150460,12.88,12.94,12.88,12.75,0.00,0,0,1,0,0.0
1385150520,12.88,12.88,12.88,12.75,0.00,0,0,1,0,0.0
1385150580,12.88,12.88,12.88,12.81,0.00,0,0,1,0,0.0
1385150640,12.88,12.94,12.94,12.81,0.00,0,0,1,0,0.0
1385150700,12.94,12.94,12.88,12.81,0.00,0,0,1,0,0.0
1385150760,12.88,12.88,12.88,12.81,0.00,0,0,1,0,0.0
1385150820,12.94,12.94,12.88,12.81,0.00,0,0,1,0,0.0
1385150880,12.94,12.88,12.94,12.81,0.00,0,0,1,0,0.0
1385150940,12.88,12.88,12.94,12.81,0.00,0,0,1,0,0.0
1385151000,12.88,12.94,12.94,12.81,0.00,0,0,1,0,0.0
1385151060,12.94,12.94,12.94,12.81,0.00,0,0,1,0,0.0
1385151120,12.94,12.94,12.94,12.81,0.00,0,0,1,0,0.0
1385151180,12.88,12.88,12.94,12.75,0.00,0,0,1,0,0.0
1385151240,12.94,12.94,12.94,12.81,0.00,0,0,1,0,0.0
1385151300,12.94,12.94,12.94,12.81,0.00,0,0,1,0,0.0
1385151360,12.94,12.94,12.94,12.81,0.00,0,0,1,0,0.0
1385151420,12.88,12.94,12.94,12.81,0.00,0,0,1,0,0.0
1385151480,12.88,12.94,12.88,12.75,0.00,0,0,1,0,0.0
1385151540,12.88,12.94,12.94,12.81,0.00,0,0,1,0,0.0
1385151600,12.88,12.94,12.94,12.75,0.00,0,0,1,0,0.0
1385151660,12.88,12.94,12.88,12.75,0.00,0,0,1,0,0.0
1385151720,12.88,12.94,12.94,12.75,0.00,0,0,1,0,0.0
1385151780,12.88,12.94,12.88,12.75,0.00,0,0,1,0,0.0
1385151840,12.94,12.94,12.94,12.81,0.00,0,0,1,0,0.0
1385151900,12.94,12.88,12.94,12.81,0.00,0,0,1,0,0.0
1385151960,12.94,12.94,12.94,12.81,0.00,0,0,1,0,0.0
1385152020,12.94,12.94,12.88,12.81,0.00,0,0,1,0,0.0
1385152080,12.88,12.94,12.94,12.81,0.00,0,0,1,0,0.0
1385152140,12.88,12.88,12.94,12.75,0.00,0,0,1,0,0.0
1385152200,12.94,12.94,12.94,12.81,0.00,0,0,1,0,0.0
1385152260,12.94,12.94,12.94,12.81,0.00,0,0,1,0,0.0
1385152320,12.94,12.94,12.94,12.81,0.00,0,0,1,0,0.0
1385152380,12.94,12.94,12.94,12.81,0.00,0,0,1,0,0.0
1385152440,12.94,12.94,12.94,12.81,0.00,0,0,1,0,0.0
1385152500,13.00,12.94,12.94,12.81,0.00,0,0,1,0,0.0
1385152560,12.94,12.94,12.94,12.88,0.00,0,0,1,0,0.0
1385152620,12.94,12.94,13.00,12.81,0.00,0,0,1,0,0.0
1385152680,12.94,13.00,12.94,12.81,0.00,0,0,1,0,0.0
1385152740,12.94,12.94,12.94,12.81,0.00,0,0,1,0,0.0
1385152800,12.94,12.94,13.00,12.81,0.00,0,0,1,0,0.0
1385152860,12.94,12.94,13.00,12.88,0.00,0,0,1,0,0.0
1385152920,12.94,13.00,13.00,12.88,0.00,0,0,1,0,0.0
1385152980,13.00,13.00,13.00,12.88,0.00,0,0,1,0,0.0
1385153040,13.00,13.00,13.00,12.88,0.00,0,0,1,0,0.0
1385153100,13.00,13.00,13.00,12.88,0.00,0,0,1,0,0.0
1385153160,13.06,13.00,13.00,12.88,0.00,0,0,1,0,0.0
1385153220,13.06,13.00,13.00,12.94,0.00,0,0,1,0,0.0
1385153280,13.06,13.00,13.06,12.94,0.00,0,0,1,0,0.0
1385153340,13.00,13.00,13.06,12.94,0.00,0,0,1,0,0.0
1385153400,13.06,13.00,13.06,12.94,0.00,0,0,1,0,0.0
1385153460,13.00,13.06,13.06,12.94,0.00,0,0,1,0,0.0
1385153520,13.06,13.00,13.00,12.88,0.00,0,0,1,0,0.0
1385153580,13.06,13.00,13.06,12.94,0.00,0,0,1,0,0.0
1385153640,13.00,13.00,13.06,12.94,0.00,0,0,1,0,0.0
1385153700,13.06,13.06,13.00,12.94,0.00,0,0,1,0,0.0
1385153760,13.00,13.00,13.00,12.94,0.00,0,0,1,0,0.0
1385153820,13.00,13.06,13.00,12.94,0.00,0,0,1,0,0.0
1385153880,13.00,13.00,13.00,12.88,0.00,0,0,1,0,0.0
1385153940,13.00,13.00,13.06,12.88,0.00,0,0,1,0,0.0
1385154000,13.00,13.06,13.00,12.88,0.00,0,0,1,0,0.0
1385154060,13.00,13.00,13.06,12.88,0.00,0,0,1,0,0.0
1385154120,13.00,13.00,13.06,12.88,0.00,0,0,1,0,0.0
1385154180,13.00,13.06,13.06,12.94,0.00,0,0,1,0,0.0
1385154240,13.00,13.00,13.06,12.94,0.00,0,0,1,0,0.0
1385154300,13.00,13.06,13.00,12.88,0.00,0,0,1,0,0.0
1385154360,13.00,13.00,13.00,12.88,0.00,0,0,1,0,0.0
1385154420,13.00,13.00,13.00,12.88,0.00,0,0,1,0,0.0
1385154480,13.00,13.00,13.06,12.88,0.00,0,0,1,0,0.0
1385154540,13.00,13.06,13.06,12.88,0.00,0,0,1,0,0.0
1385154600,13.00,13.00,13.06,12.88,0.00,0,0,1,0,0.0
1385154660,13.00,13.00,13.06,12.88,0.00,0,0,1,0,0.0
1385154720,13.00,13.06,13.06,12.94,0.00,0,0,1,0,0.0
1385154780,13.00,13.00,13.06,12.88,0.00,0,0,1,0,0.0
1385154840,13.00,13.00,13.00,12.94,0.00,0,0,1,0,0.0
1385154900,13.00,13.00,13.06,12.94,0.00,0,0,1,0,0.0
1385154960,13.00,13.00,13.06,12.88,0.00,0,0,1,0,0.0
1385155020,13.00,13.06,13.06,12.88,0.00,0,0,1,0,0.0
1385155080,13.00,13.06,13.06,12.88,0.00,0,0,1,0,0.0
1385155140,13.00,13.00,13.06,12.94,0.00,0,0,1,0,0.0
1385155200,13.00,13.06,13.06,12.88,0.00,0,0,1,0,0.0
1385155260,13.00,13.00,13.06,12.88,0.00,0,0,1,0,0.0
1385155320,13.00,13.00,13.06,12.88,0.00,0,0,1,0,0.0
1385155380,13.00,13.00,13.00,12.88,0.00,0,0,1,0,0.0
1385155440,13.00,13.06,13.06,12.94,0.00,0,0,1,0,0.0
1385155500,13.00,13.06,13.06,12.94,0.00,0,0,1,0,0.0
1385155560,13.00,13.06,13.06,12.94,0.00,0,0,1,0,0.0
1385155620,13.00,13.06,13.06,12.94,0.00,0,0,1,0,0.0
1385155680,13.00,13.06,13.06,12.94,0.00,0,0,1,0,0.0
1385155740,13.06,13.06,13.06,12.94,0.00,0,0,1,0,0.0
1385155800,13.06,13.06,13.06,12.94,0.00,0,0,1,0,0.0
1385155860,13.00,13.06,13.06,12.94,0.00,0,0,1,0,0.0
1385155920,13.00,13.06,13.06,12.94,0.00,0,0,1,0,0.0
1385155980,13.00,13.06,13.06,12.94,0.00,0,0,1,0,0.0
1385156040,13.06,13.06,13.06,12.94,0.00,0,0,1,0,0.0
1385156100,13.00,13.06,13.06,12.94,0.00,0,0,1,0,0.0
1385156160,13.06,13.06,13.06,12.94,0.00,0,0,1,0,0.0
1385156220,13.00,13.06,13.06,12.94,0.00,0,0,1,0,0.0
1385156280,13.00,13.00,13.06,12.94,0.00,0,0,1,0,0.0
1385156340,13.00,13.06,13.06,12.94,0.00,0,0,1,0,0.0
1385156400,13.06,13.06,13.06,12.94,0.00,0,0,1,0,0.0
1385156460,13.06,13.06,13.06,12.94,0.00,0,0,1,0,0.0
1385156520,13.06,13.06,13.06,12.94,0.00,0,0,1,0,0.0
1385156580,13.06,13.06,13.06,12.94,0.00,0,0,1,0,0.0
1385156640,13.06,13.06,13.06,12.94,0.00,0,0,1,0,0.0
1385156700,13.06,13.06,13.06,12.94,0.00,0,0,1,0,0.0
1385156760,13.06,13.06,13.06,12.94,0.00,0,0,1,0,0.0
1385156820,13.06,13.06,13.06,12.94,0.00,0,0,1,0,0.0
1385156880,13.06,13.06,13.06,12.94,0.00,0,0,1,0,0.0
1385156940,13.06,13.06,13.06,12.94,0.00,0,0,1,0,0.0
1385157000,13.06,13.06,13.06,12.94,0.00,0,0,1,0,0.0
1385157060,13.06,13.06,13.06,12.94,0.00,0,0,1,0,0.0
1385157120,13.06,13.06,13.06,12.94,0.00,0,0,1,0,0.0
1385157180,13.06,13.06,13.06,13.00,0.00,0,0,1,0,0.0
1385157240,13.00,13.06,13.06,12.94,0.00,0,0,1,0,0.0
1385157300,13.06,13.06,13.06,12.94,0.00,0,0,1,0,0.0
1385157360,13.06,13.13,13.13,12.94,0.00,0,0,1,0,0.0
1385157420,13.06,13.06,13.13,12.94,0.00,0,0,1,0,0.0
1385157480,13.06,13.06,13.13,12.94,0.00,0,0,1,0,0.0
1385157540,13.06,13.06,13.06,12.94,0.00,0,0,1,0,0.0
1385157600,13.06,13.06,13.06,13.00,0.00,0,0,0,0,0.0
1385157660,13.06,13.06,13.06,12.94,0.00,0,0,0,0,0.0
1385157720,13.13,13.06,13.13,12.94,0.00,0,0,0,0,0.0
1385157780,13.13,13.06,13.13,13.00,0.00,0,0,0,0,0.0
1385157840,13.06,13.06,13.13,12.94,0.00,0,0,0,0,0.0
1385157900,13.06,13.06,13.13,12.94,0.00,0,0,0,0,0.0
1385157960,13.06,13.06,13.13,13.00,0.00,0,0,0,0,0.0
1385158020,13.06,13.06,13.13,12.94,0.00,0,0,0,0,0.0
1385158080,13.06,13.06,13.13,12.94,0.00,0,0,0,0,0.0
1385158140,13.06,13.06,13.13,13.00,0.00,0,0,0,0,0.0
1385158200,13.06,13.06,13.06,12.94,0.00,0,0,0,0,0.0
1385158260,13.06,13.13,13.13,13.00,0.00,0,0,0,0,0.0
1385158320,13.06,13.06,13.13,13.00,0.00,0,0,0,0,0.0
1385158380,13.06,13.13,13.13,13.00,0.00,0,0,0,0,0.0
1385158440,13.06,13.06,13.06,12.94,0.00,0,0,0,0,0.0
1385158500,13.06,13.13,13.13,13.00,0.00,0,0,0,0,0.0
1385158560,13.06,13.06,13.13,13.00,0.00,0,0,0,0,0.0
1385158620,13.06,13.13,13.13,13.00,0.00,0,0,0,0,0.0
1385158680,13.06,13.13,13.06,12.94,0.00,0,0,0,0,0.0
1385158740,13.06,13.13,13.13,13.00,0.00,0,0,0,0,0.0
1385158800,13.06,13.06,13.13,12.94,0.00,0,0,0,0,0.0
1385158860,13.06,13.06,13.13,12.94,0.00,0,0,0,0,0.0
1385158920,13.06,13.06,13.13,13.00,0.00,0,0,0,0,0.0
1385158980,13.25,13.13,13.19,13.06,0.00,0,0,0,0,0.0
1385159040,13.31,13.19,13.25,13.13,0.00,0,0,0,0,0.0
1385159100,13.31,13.19,13.25,13.19,0.00,0,0,0,0,0.0
1385159160,13.38,13.19,13.25,13.19,0.00,0,0,0,0,0.0
1385159220,13.31,13.25,13.31,13.19,0.00,0,0,0,0,0.0
1385159280,13.38,13.25,13.25,13.19,0.00,0,0,0,0,0.0
1385159340,13.38,13.25,13.31,13.19,0.00,0,0,0,0,0.0
1385159400,13.31,13.25,13.25,13.19,0.00,0,0,0,0,0.0
1385159460,13.31,13.25,13.31,13.19,0.00,0,0,0,0,0.0
1385159520,13.31,13.25,13.31,13.19,0.00,0,0,0,0,0.0
1385159580,13.31,13.25,13.25,13.19,0.00,0,0,0,0,0.0
1385159640,13.31,13.25,13.25,13.19,0.00,0,0,0,0,0.0
1385159700,13.25,13.25,13.25,13.19,0.00,0,0,0,0,0.0
1385159760,13.31,13.25,13.25,13.19,0.00,0,0,0,0,0.0
1385159820,13.25,13.25,13.25,13.19,0.00,0,0,0,0,0.0
1385159880,13.25,13.25,13.25,13.13,0.00,0,0,0,0,0.0
1385159940,13.25,13.25,13.25,13.13,0.00,0,0,0,0,0.0
1385160000,13.25,13.25,13.25,13.13,0.00,0,0,0,0,0.0
1385160060,13.31,13.25,13.25,13.19,0.00,0,0,0,0,0.0
1385160120,13.31,13.25,13.25,13.19,0.00,0,0,0,0,0.0
1385160180,13.31,13.25,13.25,13.19,0.00,0,0,0,0,0.0
1385160240,13.31,13.25,13.31,13.19,0.00,0,0,0,0,0.0
1385160300,13.31,13.25,13.31,13.19,0.00,0,0,0,0,0.0
1385160360,13.31,13.31,13.31,13.19,0.00,0,0,0,0,0.0
1385160420,13.31,13.31,13.31,13.19,0.00,0,0,0,0,0.0
1385160480,13.31,13.31,13.31,13.19,0.00,0,0,0,0,0.0
1385160540,13.31,13.31,13.31,13.25,0.00,0,0,0,0,0.0
1385160600,13.31,13.25,13.31,13.19,0.00,0,0,0,0,0.0
1385160660,13.31,13.31,13.31,13.25,0.00,0,0,0,0,0.0
1385160720,13.31,13.31,13.31,13.25,0.00,0,0,0,0,0.0
1385160780,13.31,13.31,13.31,13.19,0.00,0,0,0,0,0.0
1385160840,13.38,13.31,13.31,13.25,0.00,0,0,0,0,0.0
1385160900,13.31,13.31,13.31,13.25,0.00,0,0,0,0,0.0
1385160960,13.31,13.31,13.31,13.25,0.00,0,0,0,0,0.0
1385161020,13.38,13.31,13.31,13.25,0.00,0,0,0,0,0.0
1385161080,13.31,13.31,13.31,13.25,0.00,0,0,0,0,0.0
1385161140,13.38,13.31,13.38,13.25,0.00,0,0,0,0,0.0
