1383066256,ok,1383066253,82.95.104.222,boost,1,callback,jQuery1102033865391800180633_1383066251667,_,1383066251673
1383066450,ok,1383066439,82.95.104.222,boost,0,callback,jQuery1102033865391800180633_1383066251667,_,1383066251778
1383066461,ok,1383066458,82.95.104.222,boost,1,callback,jQuery1102033865391800180633_1383066251669,_,1383066251791
1383075415,ok,1383074836,82.95.104.222,boost,1,callback,jQuery110201575928800739348_1383074812402,_,1383074812405
1383075415,ok,1383074843,82.95.104.222,boost,0,callback,jQuery110201575928800739348_1383074812402,_,1383074812407
1383075415,ok,1383074846,82.95.104.222,boost,1,callback,jQuery110201575928800739348_1383074812391,_,1383074812413
1383075440,ok,1383075439,82.95.104.222,boost,1,callback,jQuery110201575928800739348_1383074812402,_,1383074812483
1383075459,ok,1383075455,82.95.104.222,boost,0,callback,jQuery110201575928800739348_1383074812402,_,1383074812493
1383075489,ok,1383075485,82.95.104.222,boost,1,callback,jQuery110201575928800739348_1383074812391,_,1383074812511
1383075499,ok,1383075495,82.95.104.222,boost,0,callback,jQuery110201575928800739348_1383074812389,_,1383074812517
1383075682,ok,1383075682,82.95.104.222,boost,1,callback,jQuery110205550799160264432_1383075674404,_,1383075674408
1383075713,ok,1383075711,82.95.104.222,boost,1,callback,jQuery110205550799160264432_1383075674402,_,1383075674426
1383075779,ok,1383075777,82.95.104.222,boost,0,callback,jQuery110207251584944315255_1383075771691,_,1383075771694
1383075788,ok,1383075786,82.95.104.222,boost,1,callback,jQuery110207251584944315255_1383075771689,_,1383075771700
1383075842,ok,1383075842,82.95.104.222,boost,0,callback,jQuery110207251584944315255_1383075771691,_,1383075771732
1383075854,ok,1383075850,82.95.104.222,boost,1,callback,jQuery110207251584944315255_1383075771689,_,1383075771737
1383075864,ok,1383075861,82.95.104.222,boost,0,callback,jQuery110207251584944315255_1383075771691,_,1383075771744
1383075869,ok,1383075867,82.95.104.222,boost,1,callback,jQuery110207251584944315255_1383075771689,_,1383075771749
1383075916,ok,1383075914,82.95.104.222,boost,1,callback,jQuery110207251584944315255_1383075771689,_,1383075771776
1383075921,ok,1383075917,82.95.104.222,boost,1,callback,jQuery110207251584944315255_1383075771691,_,1383075771779
1383075927,ok,1383075922,82.95.104.222,boost,0,callback,jQuery110207251584944315255_1383075771691,_,1383075771783
1383076024,ok,1383076020,82.95.104.222,boost,1,callback,jQuery110207251584944315255_1383075771689,_,1383075771794
1383077168,ok,1383077166,82.95.104.222,boost,1,callback,jQuery110207251584944315255_1383075771815,_,1383075771836
1383077176,ok,1383077174,82.95.104.222,boost,1,callback,jQuery110207251584944315255_1383075771815,_,1383075771840
1383077184,ok,1383077181,82.95.104.222,boost,1,callback,jQuery110207251584944315255_1383075771819,_,1383075771847
1383078595,ok,1383078595,82.95.104.222,boost,1,callback,jQuery110207251584944315255_1383075771817,_,1383075771883
1383078606,ok,1383078603,82.95.104.222,boost,0,callback,jQuery110207251584944315255_1383075771813,_,1383075771889
1383078611,ok,1383078610,82.95.104.222,boost,1,callback,jQuery110207251584944315255_1383075771813,_,1383075771894
1383078617,ok,1383078617,82.95.104.222,boost,0,callback,jQuery110207251584944315255_1383075771813,_,1383075771898
1383079545,ok,1383079544,82.95.104.222,boost,1,callback,jQuery1102033865391800180633_1383066251667,_,1383066259159
1383079576,ok,1383079576,82.95.104.222,boost,0,callback,jQuery1102033865391800180633_1383066251667,_,1383066259178
1383079581,ok,1383079581,82.95.104.222,boost,1,callback,jQuery1102033865391800180633_1383066251667,_,1383066259181
1383079722,ok,1383079722,82.95.104.222,boost,0,callback,jQuery1102033865391800180633_1383066258768,_,1383066259262
1383079728,ok,1383079726,82.95.104.222,boost,1,callback,jQuery1102033865391800180633_1383066258768,_,1383066259265
1383080061,ok,1383080060,82.95.104.222,boost,0,callback,jQuery1102033865391800180633_1383066251667,_,1383066259453
1383080070,ok,1383080070,82.95.104.222,boost,1,callback,jQuery1102033865391800180633_1383066251667,_,1383066259460
1383080089,ok,1383080088,82.95.104.222,boost,0,callback,jQuery1102033865391800180633_1383066258768,_,1383066259470
1383080245,ok,1383080243,82.95.104.222,boost,1,callback,jQuery1102033865391800180633_1383066251667,_,1383066259559
1383080539,ok,1383080539,82.95.104.222,boost,0,callback,jQuery1102033865391800180633_1383066251667,_,1383066259727
1383080554,ok,1383080554,82.95.104.222,boost,1,callback,jQuery1102033865391800180633_1383066258768,_,1383066259737
1383080716,ok,1383080715,82.95.104.222,boost,0,callback,jQuery1102033865391800180633_1383066258768,_,1383066259828
1383080841,ok,1383080839,82.95.104.222,boost,1,callback,jQuery1102033865391800180633_1383066251667,_,1383066259898
1383080873,ok,1383080873,82.95.104.222,boost,1,callback,jQuery1102033865391800180633_1383066258768,_,1383066259920
1383080880,ok,1383080878,82.95.104.222,boost,0,callback,jQuery1102033865391800180633_1383066258768,_,1383066259924
1383080888,ok,1383080884,82.95.104.222,boost,1,callback,jQuery1102033865391800180633_1383066258768,_,1383066259927
1383080890,ok,1383080890,82.95.104.222,boost,1,callback,jQuery1102033865391800180633_1383066258768,_,1383066259932
1383080894,ok,1383080891,82.95.104.222,boost,0,callback,jQuery1102033865391800180633_1383066258768,_,1383066259934
1383080909,ok,1383080909,82.95.104.222,boost,1,callback,jQuery1102033865391800180633_1383066258766,_,1383066259945
1383081123,ok,1383081123,82.95.104.222,boost,0,callback,jQuery1102033865391800180633_1383066258768,_,1383066260066
1383081144,ok,1383081144,82.95.104.222,boost,1,callback,jQuery1102033865391800180633_1383066258768,_,1383066260079
1383081150,ok,1383081150,82.95.104.222,boost,0,callback,jQuery1102033865391800180633_1383066258768,_,1383066260085
1383081160,ok,1383081160,82.95.104.222,boost,1,callback,jQuery1102033865391800180633_1383066258766,_,1383066260092
1383081278,ok,1383081278,82.95.104.222,boost,0,callback,jQuery1102033865391800180633_1383066258766,_,1383066260162
1383081312,ok,1383081309,82.95.104.222,boost,1,callback,jQuery1102033865391800180633_1383066258766,_,1383066260180
1383081319,ok,1383081316,82.95.104.222,boost,0,callback,jQuery1102033865391800180633_1383066258766,_,1383066260185
1383081334,ok,1383081333,82.95.104.222,boost,1,callback,jQuery1102033865391800180633_1383066258768,_,1383066260195
1383081475,ok,1383081473,82.95.104.222,boost,0,callback,jQuery1102033865391800180633_1383066258768,_,1383066260275
1383082223,ok,1383082223,82.95.104.222,boost,0
1383082299,ok,1383082297,82.95.104.222,boost,1
1383082323,ok,1383082323,82.95.104.222,boost,0
1383082329,ok,1383082329,82.95.104.222,boost,0
1383082334,ok,1383082332,82.95.104.222,boost,0
1383082342,ok,1383082341,82.95.104.222,boost,1
1383082363,ok,1383082362,82.95.104.222,boost,0,callback,jQuery1102033865391800180633_1383066258766,_,1383066260777
1383082385,ok,1383082385,82.95.104.222,boost,1,callback,jQuery1102033865391800180633_1383066258768,_,1383066260791
1383082392,ok,1383082391,82.95.104.222,boost,0,callback,jQuery1102033865391800180633_1383066258768,_,1383066260795
1383082399,ok,1383082398,82.95.104.222,boost,1,callback,jQuery1102033865391800180633_1383066258766,_,1383066260800
1383082525,ok,1383082523,82.95.104.222,boost,0,callback,jQuery110203260555832580947_1383082523773,_,1383082523776
1383082526,ok,1383082526,82.95.104.222,boost,1,callback,jQuery110203260555832580947_1383082523773,_,1383082523779
1383082532,ok,1383082530,82.95.104.222,boost,0,callback,jQuery110203260555832580947_1383082523773,_,1383082523782
1383082541,ok,1383082538,82.95.104.222,boost,1,callback,jQuery110203260555832580947_1383082523771,_,1383082523788
1383082553,ok,1383082551,82.95.104.222,boost,0,callback,jQuery110203260555832580947_1383082523771,_,1383082523795
1383082562,ok,1383082561,82.95.104.222,boost,1,callback,jQuery110203260555832580947_1383082523773,_,1383082523802
1383082567,ok,1383082565,82.95.104.222,boost,0,callback,jQuery110203260555832580947_1383082523773,_,1383082523805
1383082577,ok,1383082577,82.95.104.222,boost,1,callback,jQuery110203260555832580947_1383082523771,_,1383082523813
1383082583,ok,1383082583,82.95.104.222,boost,0,callback,jQuery110203260555832580947_1383082523771,_,1383082523817
1383082602,ok,1383082601,82.95.104.222,boost,1,callback,jQuery110203260555832580947_1383082523771,_,1383082523829
1383082618,ok,1383082618,82.95.104.222,boost,0,callback,jQuery110203260555832580947_1383082523773,_,1383082523840
1383082623,ok,1383082622,82.95.104.222,boost,1,callback,jQuery110203260555832580947_1383082523773,_,1383082523843
1383082630,ok,1383082630,82.95.104.222,boost,0,callback,jQuery110203260555832580947_1383082523773,_,1383082523849
1383082745,ok,1383082745,82.95.104.222,boost,1,callback,jQuery110205987738292204486_1383082742358,_,1383082742363
1383082750,ok,1383082749,82.95.104.222,boost,0,callback,jQuery110205987738292204486_1383082742358,_,1383082742366
1383082785,ok,1383082785,82.95.104.222,boost,1,callback,jQuery110208018248255046668_1383082786456,_,1383082786459
1383082805,ok,1383082805,82.95.104.222,boost,0,callback,jQuery110208018248255046668_1383082786454,_,1383082786472
1383082813,ok,1383082810,82.95.104.222,boost,1,callback,jQuery110208018248255046668_1383082786454,_,1383082786475
1383082820,ok,1383082819,82.95.104.222,boost,0,callback,jQuery110208018248255046668_1383082786456,_,1383082786482
1383082830,ok,1383082830,82.95.104.222,boost,1,callback,jQuery110208018248255046668_1383082786456,_,1383082786490
1383082848,ok,1383082846,82.95.104.222,boost,0,callback,jQuery110208018248255046668_1383082786500,_,1383082786501
1383082973,ok,1383082971,82.95.104.222,boost,1,callback,jQuery110206899067014835698_1383082971770,_,1383082971772
1383082991,ok,1383082990,82.95.104.222,boost,0,callback,jQuery110206899067014835698_1383082971770,_,1383082971781
1383083014,ok,1383083014,82.95.104.222,boost,1,callback,jQuery110206899067014835698_1383082971770,_,1383082971791
1383083023,ok,1383083023,82.95.104.222,boost,0,callback,jQuery110206899067014835698_1383082971770,_,1383082971795
1383083033,ok,1383083033,82.95.104.222,boost,1,callback,jQuery110206899067014835698_1383082971770,_,1383082971800
1383083047,ok,1383083047,82.95.104.222,boost,0,callback,jQuery110206899067014835698_1383082971770,_,1383082971805
1383083096,ok,1383083096,82.95.104.222,boost,1,callback,jQuery110206899067014835698_1383082971768,_,1383082971824
1383083119,ok,1383083119,82.95.104.222,boost,0,callback,jQuery110206899067014835698_1383082971768,_,1383082971833
1383083221,ok,1383083221,82.95.104.222,boost,1,callback,jQuery110206899067014835698_1383082971770,_,1383082971869
1383083270,ok,1383083270,82.95.104.222,boost,0,callback,jQuery110206899067014835698_1383082971770,_,1383082971888
1383083294,ok,1383083294,82.95.104.222,boost,1,callback,jQuery110206899067014835698_1383082971770,_,1383082971898
1383083322,ok,1383083322,82.95.104.222,boost,0,callback,jQuery110206899067014835698_1383082971768,_,1383082971910
1383083656,ok,1383083656,82.95.104.222,boost,1,callback,jQuery110206899067014835698_1383082971770,_,1383082972028
1383083954,ok,1383083954,82.95.104.222,boost,0,callback,jQuery110206899067014835698_1383082971770,_,1383082972132
1383083960,ok,1383083959,82.95.104.222,boost,1,callback,jQuery110206899067014835698_1383082971770,_,1383082972135
1383083992,ok,1383083991,82.95.104.222,boost,0,callback,jQuery1102048034452577121556_1383083971286,_,1383083971294
1383084015,ok,1383084013,82.95.104.222,boost,1,callback,jQuery1102048034452577121556_1383083971286,_,1383083971304
1383084029,ok,1383084029,82.95.104.222,boost,0,callback,jQuery110206899067014835698_1383082971768,_,1383082972161
1383084232,ok,1383084232,82.95.104.222,boost,1,callback,jQuery110206899067014835698_1383082971770,_,1383082972233
1383084245,ok,1383084244,82.95.104.222,boost,0,callback,jQuery110206899067014835698_1383082971768,_,1383082972237
1383086928,ok,1383086926,82.95.104.222,boost,1,callback,jQuery110206899067014835698_1383082971768,_,1383082973173
1383089765,ok,1383089765,82.95.104.222,boost,1,callback,jQuery110206899067014835698_1383082972252,_,1383082974162
1383089864,ok,1383089864,82.95.104.222,boost,1,callback,jQuery110206899067014835698_1383082971768,_,1383082974199
1383089923,ok,1383089923,82.95.104.222,boost,0,callback,jQuery110206899067014835698_1383082972252,_,1383082974220
1383090187,ok,1383090187,82.95.104.222,boost,1,callback,jQuery110206899067014835698_1383082972252,_,1383082974313
1383090236,ok,1383090236,82.95.104.222,boost,0,callback,jQuery110207560830973748931_1383090224668,_,1383090224675
1383090270,ok,1383090270,82.95.104.222,boost,1,callback,jQuery110206731040563900024_1383090247848,_,1383090247857
1383090278,ok,1383090278,82.95.104.222,boost,0,callback,jQuery110207560830973748931_1383090224668,_,1383090224691
1383090286,ok,1383090286,82.95.104.222,boost,1,callback,jQuery110206731040563900024_1383090247848,_,1383090247864
1383090299,ok,1383090298,82.95.104.222,boost,0,callback,jQuery110206731040563900024_1383090247848,_,1383090247868
1383090308,ok,1383090308,82.95.104.222,boost,1,callback,jQuery110206731040563900024_1383090247846,_,1383090247873
1383090314,ok,1383090314,82.95.104.222,boost,0,callback,jQuery110207560830973748931_1383090224668,_,1383090224704
1383090321,ok,1383090321,82.95.104.222,boost,1,callback,jQuery110207560830973748931_1383090224668,_,1383090224708
1383090480,ok,1383090480,82.95.104.222,boost,0,callback,jQuery110207560830973748931_1383090224668,_,1383090224765
1383090493,ok,1383090493,82.95.104.222,boost,1,callback,jQuery110207560830973748931_1383090224668,_,1383090224769
1383090628,ok,1383090628,82.95.104.222,boost,1,callback,jQuery110206731040563900024_1383090247846,_,1383090247895
1383090786,ok,1383090784,82.95.104.222,boost,1,callback,jQuery110206731040563900024_1383090247961,_,1383090247962
1383090794,ok,1383090794,82.95.104.222,boost,0,callback,jQuery110206731040563900024_1383090247961,_,1383090247965
1383090801,ok,1383090801,82.95.104.222,boost,1,callback,jQuery110206731040563900024_1383090247933,_,1383090247969
1383090816,ok,1383090816,92.69.203.31,boost,0,callback,jQuery110206731040563900024_1383090247983,_,1383090247984
1383090821,ok,1383090821,92.69.203.31,boost,1,callback,jQuery110206731040563900024_1383090247983,_,1383090247986
1383090829,ok,1383090829,92.69.203.31,boost,0,callback,jQuery110206731040563900024_1383090247983,_,1383090247990
1383090836,ok,1383090836,82.95.104.222,boost,1,callback,jQuery110206731040563900024_1383090247981,_,1383090247993
1383090844,ok,1383090843,82.95.104.222,boost,0,callback,jQuery110206731040563900024_1383090247981,_,1383090247996
1383090851,ok,1383090851,82.95.104.222,boost,1,callback,jQuery110206731040563900024_1383090247997,_,1383090248002
1383090926,ok,1383090926,82.95.104.222,boost,0,callback,jQuery110206731040563900024_1383090247997,_,1383090248046
1383090930,ok,1383090930,82.95.104.222,boost,1,callback,jQuery110206731040563900024_1383090247997,_,1383090248048
1383091025,ok,1383091024,82.95.104.222,boost,0,callback,jQuery1102034953236021101475_1383091018089,_,1383091018092
1383091032,ok,1383091032,82.95.104.222,boost,1,callback,jQuery1102034953236021101475_1383091018089,_,1383091018095
1383091038,ok,1383091038,82.95.104.222,boost,0,callback,jQuery1102034953236021101475_1383091018089,_,1383091018098
1383093656,ok,1383093656,82.95.104.222,boost,1,callback,jQuery1102012193950990915714_1383093609565,_,1383093609593
1383093664,ok,1383093664,82.95.104.222,boost,0,callback,jQuery1102012193950990915714_1383093609565,_,1383093609596
1383159955,ok,1383159955,82.95.104.222,boost,1,callback,jQuery1102048070006212219596_1383159949220,_,1383159949222
1383159959,ok,1383159958,82.95.104.222,boost,0,callback,jQuery1102048070006212219596_1383159949220,_,1383159949224
1383159961,ok,1383159961,82.95.104.222,boost,1,callback,jQuery1102048070006212219596_1383159949220,_,1383159949226
1383159964,ok,1383159963,82.95.104.222,boost,1,callback,jQuery1102048070006212219596_1383159949220,_,1383159949227
1383159973,ok,1383159973,82.95.104.222,boost,0,callback,jQuery1102048070006212219596_1383159949220,_,1383159949234
1383159980,ok,1383159980,82.95.104.222,boost,1,callback,jQuery1102048070006212219596_1383159949220,_,1383159949238
1383159984,ok,1383159984,82.95.104.222,boost,0,callback,jQuery1102048070006212219596_1383159949220,_,1383159949240
1383159990,ok,1383159990,82.95.104.222,boost,1,callback,jQuery1102048070006212219596_1383159949220,_,1383159949245
1383160003,ok,1383160003,82.95.104.222,boost,0,callback,jQuery1102048070006212219596_1383159949218,_,1383159949254
1383160338,ok,1383160337,82.95.104.222,boost,1,callback,jQuery1102003430194935356312_1383160264335,_,1383160264389
1383160362,ok,1383160362,82.95.104.222,boost,0,callback,jQuery110206263629710301757_1383160351527,_,1383160351531
1383160368,ok,1383160368,82.95.104.222,boost,1,callback,jQuery110206263629710301757_1383160351527,_,1383160351533
1383160371,ok,1383160371,82.95.104.222,boost,0,callback,jQuery110206263629710301757_1383160351527,_,1383160351536
1383160455,ok,1383160454,82.95.104.222,boost,1,callback,jQuery1102003430194935356312_1383160264335,_,1383160264432
1383160462,ok,1383160462,82.95.104.222,boost,0,callback,jQuery1102003430194935356312_1383160264335,_,1383160264435
1383243147,ok,1383243147,82.95.104.222,boost,1,callback,jQuery11020658308707177639_1383243103989,_,1383243104004
1383243163,ok,1383243163,82.95.104.222,boost,0,callback,jQuery11020658308707177639_1383243103989,_,1383243104010
1383243167,ok,1383243167,82.95.104.222,boost,1,callback,jQuery11020658308707177639_1383243103989,_,1383243104012
1383243170,ok,1383243170,82.95.104.222,boost,0,callback,jQuery11020658308707177639_1383243103989,_,1383243104014
1383290358,ok,1383290358,82.95.104.222,boost,1,callback,jQuery110207930716634728014_1383290292430,_,1383290292455
1383290373,ok,1383290373,82.95.104.222,boost,0,callback,jQuery110207930716634728014_1383290292430,_,1383290292461
1383333807,ok,1383333806,82.95.104.222,boost,1,callback,jQuery1102048837163252756_1383333773622,_,1383333773629
1383334083,ok,1383334081,82.95.104.222,boost,0,callback,jQuery110207408851857762784_1383334061795,_,1383334061798
1383334198,ok,1383334198,82.95.104.222,boost,1,callback,jQuery110207207104561384767_1383334177546,_,1383334177549
1383334200,ok,1383334200,82.95.104.222,boost,0,callback,jQuery110207207104561384767_1383334177546,_,1383334177551
1383340418,ok,1383340418,188.207.106.121,boost,1,callback,jQuery1102047045533917844296_1383340396822,_,1383340396825
1383340431,ok,1383340429,188.207.106.121,boost,0,callback,jQuery1102047045533917844296_1383340396822,_,1383340396831
1383348658,ok,1383348658,92.69.238.193,boost,1,callback,jQuery110202546598657499999_1383348523404,_,1383348523461
1383348681,ok,1383348680,82.95.104.222,boost,0,callback,jQuery110207492098200600594_1383348651422,_,1383348651426
1383348684,ok,1383348684,82.95.104.222,boost,0,callback,jQuery110207492098200600594_1383348651422,_,1383348651429
1383348690,ok,1383348690,82.95.104.222,boost,1,callback,jQuery110207492098200600594_1383348651422,_,1383348651432
1383348695,ok,1383348695,82.95.104.222,boost,0,callback,jQuery110207492098200600594_1383348651422,_,1383348651434
1383410337,ok,1383410335,82.95.104.222,boost,1,callback,jQuery1102042381323990412056_1383410319594,_,1383410319600
1383410347,ok,1383410347,82.95.104.222,boost,0,callback,jQuery1102042381323990412056_1383410319594,_,1383410319606
1383420213,ok,1383420213,82.95.104.222,boost,1,callback,jQuery110206053306213580072_1383410534025,_,1383410534413
1383420220,ok,1383420220,82.95.104.222,boost,0,callback,jQuery110206053306213580072_1383410534025,_,1383410534417
1383420233,ok,1383420231,82.95.104.222,boost,1,callback,jQuery110206053306213580072_1383410534025,_,1383410534423
1383420737,ok,1383420735,82.95.104.222,boost,0,callback,jQuery110204513191835286344_1383420745499,_,1383420745502
1383420746,ok,1383420746,82.95.104.222,boost,1,callback,jQuery110204513191835286344_1383420745499,_,1383420745506
1383420768,ok,1383420766,82.95.104.222,boost,0,callback,jQuery110206915558301843703_1383420754608,_,1383420754612
1383420771,ok,1383420771,82.95.104.222,boost,1,callback,jQuery110206915558301843703_1383420754608,_,1383420754615
1383420783,ok,1383420783,82.95.104.222,boost,0,callback,jQuery110206915558301843703_1383420754608,_,1383420754622
1383420792,ok,1383420792,82.95.104.222,boost,1,callback,jQuery110206915558301843703_1383420754608,_,1383420754627
1383420797,ok,1383420797,82.95.104.222,boost,0,callback,jQuery110206915558301843703_1383420754608,_,1383420754629
1383420802,ok,1383420802,82.95.104.222,boost,1,callback,jQuery110206915558301843703_1383420754608,_,1383420754632
1383420809,ok,1383420809,82.95.104.222,boost,0,callback,jQuery110206915558301843703_1383420754608,_,1383420754636
1383420815,ok,1383420815,82.95.104.222,boost,1,callback,jQuery110204513191835286344_1383420745499,_,1383420745532
1383420820,ok,1383420820,82.95.104.222,boost,0,callback,jQuery110204513191835286344_1383420745499,_,1383420745534
1383420829,ok,1383420829,82.95.104.222,boost,1,callback,jQuery110204513191835286344_1383420745499,_,1383420745539
1383420867,ok,1383420867,82.95.104.222,boost,0,callback,jQuery110206915558301843703_1383420754608,_,1383420754656
1383420874,ok,1383420874,82.95.104.222,boost,1,callback,jQuery110206915558301843703_1383420754608,_,1383420754660
1383420881,ok,1383420881,82.95.104.222,boost,0,callback,jQuery110204513191835286344_1383420745497,_,1383420745558
1383420886,ok,1383420886,82.95.104.222,boost,1,callback,jQuery110204513191835286344_1383420745497,_,1383420745560
1383420892,ok,1383420892,82.95.104.222,boost,0,callback,jQuery110206915558301843703_1383420754608,_,1383420754667
1383420898,ok,1383420898,82.95.104.222,boost,1,callback,jQuery110204513191835286344_1383420745497,_,1383420745565
1383420902,ok,1383420902,82.95.104.222,boost,0,callback,jQuery110206915558301843703_1383420754608,_,1383420754672
1383420907,ok,1383420907,82.95.104.222,boost,1,callback,jQuery110204513191835286344_1383420745497,_,1383420745570
1383420909,ok,1383420909,82.95.104.222,boost,1,callback,jQuery110206915558301843703_1383420754608,_,1383420754675
1383420923,ok,1383420923,82.95.104.222,boost,0,callback,jQuery110206915558301843703_1383420754608,_,1383420754681
1383420931,ok,1383420931,82.95.104.222,boost,1,callback,jQuery110204513191835286344_1383420745497,_,1383420745579
1383420932,ok,1383420932,82.95.104.222,boost,1,callback,jQuery110206915558301843703_1383420754608,_,1383420754685
1383420936,ok,1383420936,82.95.104.222,boost,0,callback,jQuery110206915558301843703_1383420754606,_,1383420754688
1383420938,ok,1383420938,82.95.104.222,boost,1,callback,jQuery110204513191835286344_1383420745497,_,1383420745582
1383421057,ok,1383421057,82.95.104.222,boost,0,callback,jQuery1102013462663837708533_1383421048587,_,1383421048591
1383421067,ok,1383421067,82.95.104.222,boost,1,callback,jQuery110202693293306842931_1383421048840,_,1383421048853
1383421082,ok,1383421082,82.95.104.222,boost,0,callback,jQuery110202693293306842931_1383421048840,_,1383421048859
1383428046,ok,1383428044,82.95.104.222,boost,1,callback,jQuery110205990621633827686_1383428032990,_,1383428032994
1383428049,ok,1383428049,82.95.104.222,boost,0,callback,jQuery110205990621633827686_1383428032990,_,1383428032997
1383428055,ok,1383428055,82.95.104.222,boost,1,callback,jQuery110205990621633827686_1383428032990,_,1383428033000
1383428711,ok,1383428711,82.95.104.222,boost,0,callback,jQuery1102017135988306360106_1383428081481,_,1383428081709
1383428721,ok,1383428721,82.95.104.222,boost,1,callback,jQuery1102017135988306360106_1383428081481,_,1383428081712
1383428933,ok,1383428933,82.95.104.222,boost,0,callback,jQuery1102038500262883702585_1383428894405,_,1383428894438
1383431932,ok,1383431932,82.95.104.222,boost,1,callback,jQuery1102010144362575374544_1383431901007,_,1383431901018
1383431974,ok,1383431973,82.95.104.222,boost,0,callback,jQuery1102010144362575374544_1383431901007,_,1383431901034
1383433808,ok,1383433807,82.95.104.222,boost,1,callback,jQuery110207620764232706279_1383433734358,_,1383433734384
1383434130,ok,1383434129,82.95.104.222,boost,0,callback,jQuery110207620764232706279_1383433734358,_,1383433734394
1383434163,ok,1383434162,82.95.104.222,boost,1,callback,jQuery110207620764232706279_1383433734358,_,1383433734401
1383434176,ok,1383434176,82.95.104.222,boost,0,callback,jQuery110207620764232706279_1383433734356,_,1383433734409
1383478123,ok,1383478123,82.95.104.222,boost,1,callback,jQuery1102021604974101179486_1383478061045,_,1383478061070
1383478146,ok,1383478145,82.95.104.222,boost,0,callback,jQuery1102021604974101179486_1383478061045,_,1383478061080
1383478150,ok,1383478150,82.95.104.222,boost,1,callback,jQuery1102021604974101179486_1383478061045,_,1383478061082
1383478158,ok,1383478158,82.95.104.222,boost,0,callback,jQuery1102021604974101179486_1383478061045,_,1383478061087
1383478160,ok,1383478160,82.95.104.222,boost,1,callback,jQuery1102021604974101179486_1383478061045,_,1383478061089
1383478163,ok,1383478163,82.95.104.222,boost,0,callback,jQuery1102021604974101179486_1383478061045,_,1383478061091
1383478167,ok,1383478167,82.95.104.222,boost,1,callback,jQuery1102021604974101179486_1383478061045,_,1383478061093
1383488465,ok,1383488465,82.95.104.222,boost,0,callback,jQuery110203550475584343076_1383488454575,_,1383488454579
1383488470,ok,1383488470,82.95.104.222,boost,1,callback,jQuery110203550475584343076_1383488454575,_,1383488454581
1383488473,ok,1383488473,82.95.104.222,boost,1,callback,jQuery110203550475584343076_1383488454575,_,1383488454584
1383488481,ok,1383488481,82.95.104.222,boost,0,callback,jQuery110203550475584343076_1383488454575,_,1383488454587
1383488483,ok,1383488483,82.95.104.222,boost,0,callback,jQuery110203550475584343076_1383488454575,_,1383488454589
1383488488,ok,1383488488,82.95.104.222,boost,1,callback,jQuery110203550475584343076_1383488454575,_,1383488454591
1383488520,ok,1383488518,82.95.104.222,boost,0,callback,jQuery110203550475584343076_1383488454575,_,1383488454603
1383488528,ok,1383488528,82.95.104.222,boost,1,callback,jQuery110203550475584343076_1383488454575,_,1383488454610
1383488535,ok,1383488535,82.95.104.222,boost,0,callback,jQuery110203550475584343076_1383488454575,_,1383488454614
1383488538,ok,1383488538,82.95.104.222,boost,1,callback,jQuery110203550475584343076_1383488454575,_,1383488454617
1383488545,ok,1383488545,82.95.104.222,boost,0,callback,jQuery110203550475584343076_1383488454575,_,1383488454621
1383488549,ok,1383488549,82.95.104.222,boost,1,callback,jQuery110203550475584343076_1383488454575,_,1383488454623
1383488566,ok,1383488566,82.95.104.222,boost,0,callback,jQuery110203550475584343076_1383488454575,_,1383488454633
1383488570,ok,1383488570,82.95.104.222,boost,1,callback,jQuery110203550475584343076_1383488454575,_,1383488454636
1383505750,ok,1383505748,82.95.104.222,boost,0,callback,jQuery110202963720145635307_1383505715327,_,1383505715338
1383505808,ok,1383505808,82.95.104.222,boost,1,callback,jQuery110202963720145635307_1383505715327,_,1383505715360
1383505817,ok,1383505817,82.95.104.222,boost,0,callback,jQuery110202963720145635307_1383505715327,_,1383505715365
1383505876,ok,1383505876,82.95.104.222,boost,1,callback,jQuery110202963720145635307_1383505715325,_,1383505715386
1383507592,ok,1383507590,82.95.104.222,boost,0,callback,jQuery110207111505521461368_1383507584518,_,1383507584520
1383507592,ok,1383507590,82.95.104.222,boost,0,callback,jQuery110207111505521461368_1383507584518,_,1383507584521
1383520771,ok,1383520771,82.95.104.222,boost,1,callback,jQuery110205287479295163957_1383520767466,_,1383520767468
1383520795,ok,1383520795,82.95.104.222,boost,0,callback,jQuery110205287479295163957_1383520767466,_,1383520767478
1383520800,ok,1383520800,82.95.104.222,boost,1,callback,jQuery110205287479295163957_1383520767466,_,1383520767481
1383520865,ok,1383520865,82.95.104.222,boost,0,callback,jQuery110205287479295163957_1383520767466,_,1383520767513
1383521278,ok,1383521277,82.95.104.222,boost,1,callback,jQuery110205287479295163957_1383520767466,_,1383520767657
1383521281,ok,1383521281,82.95.104.222,boost,0,callback,jQuery110205287479295163957_1383520767466,_,1383520767660
1383522576,ok,1383522572,82.95.104.222,boost,1,callback,jQuery110204442059667688192_1383522555992,_,1383522556004
1383522576,ok,1383522576,82.95.104.222,boost,1,callback,jQuery110204442059667688192_1383522555992,_,1383522556007
1383522580,ok,1383522580,82.95.104.222,boost,0,callback,jQuery110204442059667688192_1383522555992,_,1383522556009
1383522766,ok,1383522766,82.95.104.222,boost,1,callback,jQuery110205334020066189938_1383522762053,_,1383522762056
1383522980,ok,1383522979,82.95.104.222,boost,0,callback,jQuery110205334020066189938_1383522762051,_,1383522762137
1383523270,ok,1383523270,82.95.104.222,boost,1,callback,jQuery1102079397617061585_1383523248969,_,1383523248977
1383523393,ok,1383523391,82.95.104.222,boost,0,callback,jQuery1102079397617061585_1383523248969,_,1383523249023
1383523845,ok,1383523844,82.95.104.222,boost,1,callback,jQuery1102079397617061585_1383523248969,_,1383523249183
1383523848,ok,1383523848,82.95.104.222,boost,0,callback,jQuery1102079397617061585_1383523248969,_,1383523249186
1383524452,ok,1383524448,82.95.104.222,boost,1,callback,jQuery110209236598063725978_1383524381283,_,1383524381307
1383524452,ok,1383524452,82.95.104.222,boost,1,callback,jQuery110209236598063725978_1383524381281,_,1383524381309
1383524480,ok,1383524480,82.95.104.222,boost,0,callback,jQuery1102079397617061585_1383523248967,_,1383523249409
1383525221,ok,1383525221,82.95.104.222,boost,1,callback,jQuery110202148627722899532_1383525216645,_,1383525216647
1383525223,ok,1383525223,82.95.104.222,boost,1,callback,jQuery110202148627722899532_1383525216645,_,1383525216649
1383525226,ok,1383525226,82.95.104.222,boost,0,callback,jQuery110202148627722899532_1383525216645,_,1383525216651
1383525642,ok,1383525642,82.95.104.222,boost,1
1383525649,ok,1383525649,82.95.104.222,boost,1
1383525655,ok,1383525655,82.95.104.222,boost,0,callback,jQuery110205747848405179381_1383525652559,_,1383525652561
1383525660,ok,1383525660,82.95.104.222,boost,1,callback,jQuery110205747848405179381_1383525652559,_,1383525652563
1383525664,ok,1383525664,82.95.104.222,boost,0,callback,jQuery110205747848405179381_1383525652559,_,1383525652566
1383525787,ok,1383525786,82.95.104.222,boost,1,callback,jQuery1102044652097465087215_1383525752629,_,1383525752643
1383525832,ok,1383525832,82.95.104.222,boost,0,callback,jQuery110202843954854252172_1383525824239,_,1383525824245
1383526050,ok,1383526050,82.95.104.222,boost,1,callback,jQuery110202843954854252172_1383525824239,_,1383525824322
1383526096,ok,1383526096,82.95.104.222,boost,0,callback,jQuery110205722525068558753_1383526085367,_,1383526085372
1383526140,ok,1383526140,82.95.104.222,boost,1
1383526143,ok,1383526143,82.95.104.222,boost,1
1383526159,ok,1383526159,82.95.104.222,boost,0,callback,jQuery110203129664926253507_1383526054089,_,1383526054126
1383555450,ok,1383555450,82.95.104.222,boost,1,callback,jQuery110205659867154539416_1383555325286,_,1383555325333
1383556559,ok,1383556559,82.95.104.222,boost,0,callback,jQuery110205860557272346254_1383556502513,_,1383556502534
1383559195,ok,1383559193,82.95.104.222,boost,1,callback,jQuery110204989351279339985_1383559115227,_,1383559115255
1383559228,ok,1383559228,82.95.104.222,boost,0,callback,jQuery110204989351279339985_1383559115225,_,1383559115269
1383560166,ok,1383560166,82.95.104.222,boost,1,callback,jQuery110208266058064932781_1383560076160,_,1383560076192
1383573019,ok,1383573019,82.95.104.222,boost,1,callback,jQuery110208664302473682496_1383568336799,_,1383568338433
1383573023,ok,1383573023,82.95.104.222,boost,1,callback,jQuery110208664302473682496_1383568336799,_,1383568338435
1383573027,ok,1383573027,82.95.104.222,boost,0,callback,jQuery110208664302473682496_1383568336799,_,1383568338439
1383573032,ok,1383573032,82.95.104.222,boost,1,callback,jQuery110208664302473682496_1383568336799,_,1383568338441
1383573037,ok,1383573037,82.95.104.222,boost,0,callback,jQuery110208664302473682496_1383568336799,_,1383568338443
1383579704,ok,1383579704,82.95.104.222,boost,1,callback,jQuery1102019906844407898672_1383579687251,_,1383579687260
1383579748,ok,1383579748,188.207.67.106,boost,0,callback,jQuery1102010648118611425161_1383579739133,_,1383579739136
1383579757,ok,1383579756,188.207.67.106,boost,1,callback,jQuery1102010648118611425161_1383579739133,_,1383579739140
1383579764,ok,1383579764,188.207.67.106,boost,0,callback,jQuery1102010648118611425161_1383579739133,_,1383579739144
1383579772,ok,1383579772,188.207.67.106,boost,1,callback,jQuery1102010648118611425161_1383579739133,_,1383579739147
1383579820,ok,1383579819,82.95.104.222,boost,0,callback,jQuery110204103666781447828_1383579810742,_,1383579810745
1383581909,ok,1383581909,82.95.104.222,boost,1,callback,jQuery1102019906844407898672_1383579687251,_,1383579687492
1383581941,ok,1383581940,82.95.104.222,boost,0,callback,jQuery1102019906844407898672_1383579687253,_,1383579687504
1383581980,ok,1383581980,82.95.104.222,boost,1,callback,jQuery1102019906844407898672_1383579687253,_,1383579687518
1383582307,ok,1383582307,82.95.104.222,boost,0,callback,jQuery110204438625095171024_1383582275138,_,1383582275151
1383582935,ok,1383582935,82.95.104.222,boost,1,callback,jQuery110204496959795008443_1383582769168,_,1383582769234
1383582953,ok,1383582953,82.95.104.222,boost,0,callback,jQuery110204496959795008443_1383582769168,_,1383582769243
1383582957,ok,1383582957,82.95.104.222,boost,1,callback,jQuery110204496959795008443_1383582769168,_,1383582769245
1383582962,ok,1383582962,82.95.104.222,boost,0,callback,jQuery110204496959795008443_1383582769170,_,1383582769248
1383583167,ok,1383583167,82.95.104.222,boost,1,callback,jQuery11020006379874675846775_1383583162530,_,1383583162533
1383583172,ok,1383583172,82.95.104.222,boost,0,callback,jQuery11020006379874675846775_1383583162530,_,1383583162535
1383583371,ok,1383583371,82.95.104.222,boost,1,callback,jQuery110206077606400316705_1383583367957,_,1383583367959
1383583374,ok,1383583373,82.95.104.222,boost,0,callback,jQuery110206077606400316705_1383583367957,_,1383583367961
1383583639,ok,1383583639,82.95.104.222,boost,1,callback,jQuery110206077606400316705_1383583367957,_,1383583368059
1383583797,ok,1383583797,82.95.104.222,boost,0,callback,jQuery110209912786875181374_1383583779828,_,1383583779840
1383583801,ok,1383583800,82.95.104.222,boost,1,callback,jQuery110209912786875181374_1383583779828,_,1383583779842
1383583872,ok,1383583872,82.95.104.222,boost,0,callback,jQuery110209912786875181374_1383583779828,_,1383583779869
1383584288,ok,1383584288,82.95.104.222,boost,1,callback,jQuery110209912786875181374_1383583779828,_,1383583780014
1383584290,ok,1383584290,82.95.104.222,boost,0,callback,jQuery110209912786875181374_1383583779828,_,1383583780016
1383584777,ok,1383584776,82.95.104.222,boost,1,callback,jQuery110204103666781447828_1383579810740,_,1383579810854
1383589737,ok,1383589737,82.95.104.222,boost,0,callback,jQuery1102020340271294116974_1383589691549,_,1383589691578
1383592353,ok,1383592353,82.95.104.222,boost,1,callback,jQuery1102003773392950707144_1383592347955,_,1383592347958
1383592551,ok,1383592551,82.95.104.222,boost,0,callback,jQuery110208442567720043909_1383592546399,_,1383592546404
1383592556,ok,1383592556,82.95.104.222,boost,1,callback,jQuery110208442567720043909_1383592546399,_,1383592546406
1383592560,ok,1383592560,82.95.104.222,boost,0,callback,jQuery110208442567720043909_1383592546399,_,1383592546408
1383592570,ok,1383592570,82.95.104.222,boost,1,callback,jQuery110208442567720043909_1383592546399,_,1383592546414
1383592574,ok,1383592574,82.95.104.222,boost,0,callback,jQuery110208442567720043909_1383592546399,_,1383592546416
1383592576,ok,1383592576,82.95.104.222,boost,1,callback,jQuery110208442567720043909_1383592546399,_,1383592546418
1383592590,ok,1383592590,82.95.104.222,boost,0,callback,jQuery110208442567720043909_1383592546399,_,1383592546425
1383592664,ok,1383592664,82.95.104.222,boost,1,callback,jQuery110208442567720043909_1383592546401,_,1383592546453
1383592705,ok,1383592705,82.95.104.222,boost,0,callback,jQuery110208442567720043909_1383592546401,_,1383592546468
1383601260,ok,1383601260,82.95.104.222,boost,1,callback,jQuery1102018072125747905565_1383601247803,_,1383601247809
1383601281,ok,1383601281,82.95.104.222,boost,0,callback,jQuery1102018072125747905565_1383601247803,_,1383601247819
1383601300,ok,1383601299,82.95.104.222,boost,1,callback,jQuery1102018072125747905565_1383601247803,_,1383601247826
1383601412,ok,1383601412,82.95.104.222,boost,0,callback,jQuery1102018331157186478586_1383601359407,_,1383601359427
1383601429,ok,1383601429,82.95.104.222,boost,1,callback,jQuery1102032330482656275517_1383601421356,_,1383601421361
1383601438,ok,1383601438,82.95.104.222,boost,0,callback,jQuery1102032330482656275517_1383601421356,_,1383601421365
1383601442,ok,1383601441,82.95.104.222,boost,1,callback,jQuery1102032330482656275517_1383601421356,_,1383601421367
1383601469,ok,1383601469,82.95.104.222,boost,0,callback,jQuery1102032330482656275517_1383601421356,_,1383601421378
1383601479,ok,1383601479,82.95.104.222,boost,1,callback,jQuery1102032330482656275517_1383601421356,_,1383601421383
1383601485,ok,1383601485,82.95.104.222,boost,0,callback,jQuery1102032330482656275517_1383601421356,_,1383601421386
1383602431,ok,1383602431,82.95.104.222,boost,1,callback,jQuery110205121435139562557_1383602421115,_,1383602421120
1383602432,ok,1383602432,82.95.104.222,boost,1,callback,jQuery110205121435139562557_1383602421115,_,1383602421121
1383602432,ok,1383602432,82.95.104.222,boost,0,callback,jQuery110205121435139562557_1383602421115,_,1383602421123
1383602433,ok,1383602433,82.95.104.222,boost,0,callback,jQuery110205121435139562557_1383602421115,_,1383602421124
1383602435,ok,1383602434,82.95.104.222,boost,1,callback,jQuery110205121435139562557_1383602421115,_,1383602421126
1383602435,ok,1383602435,82.95.104.222,boost,1,callback,jQuery110205121435139562557_1383602421113,_,1383602421127
1383602435,ok,1383602435,82.95.104.222,boost,1,callback,jQuery110205121435139562557_1383602421115,_,1383602421128
1383602436,ok,1383602436,82.95.104.222,boost,0,callback,jQuery110205121435139562557_1383602421115,_,1383602421131
1383602436,ok,1383602436,82.95.104.222,boost,0,callback,jQuery110205121435139562557_1383602421113,_,1383602421133
1383602667,ok,1383602667,82.95.104.222,boost,1,callback,jQuery1102046582411318383166_1383602658804,_,1383602658810
1383602677,ok,1383602677,82.95.104.222,boost,0,callback,jQuery1102046582411318383166_1383602658804,_,1383602658814
1383602786,ok,1383602786,82.95.104.222,boost,1,callback,jQuery110206610032842969253_1383602777253,_,1383602777257
1383602803,ok,1383602803,82.95.104.222,boost,0,callback,jQuery110206610032842969253_1383602777253,_,1383602777265
1383602804,ok,1383602804,82.95.104.222,boost,0,callback,jQuery110206610032842969253_1383602777253,_,1383602777266
1383602806,ok,1383602806,82.95.104.222,boost,1,callback,jQuery110206610032842969253_1383602777253,_,1383602777271
1383602807,ok,1383602807,82.95.104.222,boost,1,callback,jQuery110206610032842969253_1383602777253,_,1383602777272
1383602807,ok,1383602807,82.95.104.222,boost,1,callback,jQuery110206610032842969253_1383602777253,_,1383602777273
1383602853,ok,1383602853,82.95.104.222,boost,0,callback,jQuery1102019285939532053242_1383602838957,_,1383602838962
1383602854,ok,1383602854,82.95.104.222,boost,1,callback,jQuery1102019285939532053242_1383602838957,_,1383602838964
1383602856,ok,1383602856,82.95.104.222,boost,0,callback,jQuery1102019285939532053242_1383602838957,_,1383602838967
1383602908,ok,1383602908,82.95.104.222,boost,1,callback,jQuery110203036312719219558_1383602902801,_,1383602902803
1383602912,ok,1383602912,82.95.104.222,boost,0,callback,jQuery110203036312719219558_1383602902801,_,1383602902805
1383602915,ok,1383602915,82.95.104.222,boost,0,callback,jQuery110203036312719219558_1383602902801,_,1383602902806
1383602920,ok,1383602920,82.95.104.222,boost,1,callback,jQuery110203036312719219558_1383602902801,_,1383602902808
1383602923,ok,1383602923,82.95.104.222,boost,1,callback,jQuery110203036312719219558_1383602902799,_,1383602902810
1383603034,ok,1383603034,82.95.104.222,boost,0,callback,jQuery110205862088140554429_1383603028988,_,1383603028991
1383603035,ok,1383603035,82.95.104.222,boost,0,callback,jQuery110205862088140554429_1383603028988,_,1383603028992
1383603036,ok,1383603036,82.95.104.222,boost,1,callback,jQuery110205862088140554429_1383603028988,_,1383603028993
1383603132,ok,1383603132,82.95.104.222,boost,0,callback,jQuery110207197253024175666_1383603111873,_,1383603111881
1383603136,ok,1383603136,82.95.104.222,boost,1,callback,jQuery110207197253024175666_1383603111873,_,1383603111883
1383603137,ok,1383603137,82.95.104.222,boost,1,callback,jQuery110207197253024175666_1383603111873,_,1383603111884
1383603138,ok,1383603138,82.95.104.222,boost,0,callback,jQuery110207197253024175666_1383603111871,_,1383603111886
1383603140,ok,1383603139,82.95.104.222,boost,1,callback,jQuery110207197253024175666_1383603111871,_,1383603111889
1383603140,ok,1383603140,82.95.104.222,boost,1,callback,jQuery110207197253024175666_1383603111891,_,1383603111892
1383603140,ok,1383603140,82.95.104.222,boost,1,callback,jQuery110207197253024175666_1383603111893,_,1383603111894
1383603140,ok,1383603140,82.95.104.222,boost,1,callback,jQuery110207197253024175666_1383603111873,_,1383603111890
1383603140,ok,1383603140,82.95.104.222,boost,1,callback,jQuery110207197253024175666_1383603111873,_,1383603111895
1383603176,ok,1383603176,82.95.104.222,boost,0,callback,jQuery110208740113758792792_1383603170973,_,1383603170977
1383603177,ok,1383603177,82.95.104.222,boost,0,callback,jQuery110208740113758792792_1383603170973,_,1383603170978
1383603177,ok,1383603177,82.95.104.222,boost,1,callback,jQuery110208740113758792792_1383603170973,_,1383603170979
1383603179,ok,1383603179,82.95.104.222,boost,0,callback,jQuery110208740113758792792_1383603170973,_,1383603170981
1383603180,ok,1383603180,82.95.104.222,boost,0,callback,jQuery110208740113758792792_1383603170973,_,1383603170982
1383603180,ok,1383603180,82.95.104.222,boost,1,callback,jQuery110208740113758792792_1383603170973,_,1383603170983
1383603182,ok,1383603182,82.95.104.222,boost,0,callback,jQuery110208740113758792792_1383603170973,_,1383603170986
1383603195,ok,1383603195,82.95.104.222,boost,1,callback,jQuery1102060991344796817_1383603192870,_,1383603192872
1383603196,ok,1383603196,82.95.104.222,boost,1,callback,jQuery1102060991344796817_1383603192870,_,1383603192873
1383603197,ok,1383603197,82.95.104.222,boost,0,callback,jQuery1102060991344796817_1383603192870,_,1383603192875
1383603260,ok,1383603260,82.95.104.222,boost,1,callback,jQuery110208109579591139167_1383603256594,_,1383603256596
1383603261,ok,1383603261,82.95.104.222,boost,0,callback,jQuery110208109579591139167_1383603256594,_,1383603256598
1383604025,ok,1383604025,82.95.104.222,boost,1,callback,jQuery110205126167877274085_1383604008742,_,1383604008750
1383604436,ok,1383604436,82.95.104.222,boost,0,callback,jQuery1102026503658081326675_1383604384098,_,1383604384121
1383604465,ok,1383604465,82.95.104.222,boost,1,callback,jQuery1102026503658081326675_1383604384098,_,1383604384134
1383605696,ok,1383605696,82.95.104.222,boost,0,callback,jQuery110209153404447852203_1383605662854,_,1383605662883
1383605701,ok,1383605701,82.95.104.222,boost,1,callback,jQuery110209153404447852203_1383605662856,_,1383605662885
1383605709,ok,1383605709,82.95.104.222,boost,0,callback,jQuery110209153404447852203_1383605662856,_,1383605662888
1383605861,ok,1383605861,82.95.104.222,boost,1,callback,jQuery1102010835713863918706_1383605788560,_,1383605788586
1383605870,ok,1383605870,82.95.104.222,boost,0,callback,jQuery1102010835713863918706_1383605788560,_,1383605788590
1383605909,ok,1383605909,82.95.104.222,boost,1,callback,jQuery1102010835713863918706_1383605788558,_,1383605788607
1383606099,ok,1383606099,82.95.104.222,boost,0,callback,jQuery1102010835713863918706_1383605788560,_,1383605788675
1383606106,ok,1383606106,82.95.104.222,boost,1,callback,jQuery1102010835713863918706_1383605788560,_,1383605788678
1383606114,ok,1383606114,82.95.104.222,boost,0,callback,jQuery1102010835713863918706_1383605788560,_,1383605788682
1383606127,ok,1383606127,82.95.104.222,boost,1,callback,jQuery1102010835713863918706_1383605788560,_,1383605788689
1383606147,ok,1383606147,82.95.104.222,boost,0,callback,jQuery1102010835713863918706_1383605788560,_,1383605788698
1383606224,ok,1383606224,82.95.104.222,boost,1,callback,jQuery1102010835713863918706_1383605788560,_,1383605788726
1383606263,ok,1383606263,82.95.104.222,boost,0,callback,jQuery1102010835713863918706_1383605788558,_,1383605788740
1383608450,ok,1383608450,82.95.104.222,boost,1,callback,jQuery19105693235316259554_1383608412996,_,1383608413010
1383608883,ok,1383608883,82.95.104.222,boost,0,callback,jQuery191012018887419253588_1383608795652,_,1383608795691
1383609823,ok,1383609823,82.95.104.222,boost,1,callback,jQuery191002695893992490006_1383609528859,_,1383609528968
1383610073,ok,1383610073,82.95.104.222,boost,0,callback,jQuery191010205584275536239_1383609650244,_,1383609650309
1383610079,ok,1383610079,82.95.104.222,boost,1,callback,jQuery191010205584275536239_1383609650244,_,1383609650312
1383610083,ok,1383610083,82.95.104.222,boost,0,callback,jQuery191010205584275536239_1383609650246,_,1383609650315
1383610085,ok,1383610085,82.95.104.222,boost,1,callback,jQuery191010205584275536239_1383609650246,_,1383609650317
1383610087,ok,1383610087,82.95.104.222,boost,1,callback,jQuery191010205584275536239_1383609650246,_,1383609650318
1383610089,ok,1383610089,82.95.104.222,boost,0,callback,jQuery191010205584275536239_1383609650246,_,1383609650320
1383610095,ok,1383610095,82.95.104.222,boost,1,callback,jQuery191010205584275536239_1383609650246,_,1383609650323
1383610101,ok,1383610101,82.95.104.222,boost,0,callback,jQuery191010205584275536239_1383609650246,_,1383609650327
1383610132,ok,1383610131,82.95.104.222,boost,1,callback,jQuery191010205584275536239_1383609650244,_,1383609650339
1383610135,ok,1383610135,82.95.104.222,boost,0,callback,jQuery191010205584275536239_1383609650244,_,1383609650341
1383610160,ok,1383610160,82.95.104.222,boost,1,callback,jQuery191010205584275536239_1383609650346,_,1383609650353
1383610165,ok,1383610165,82.95.104.222,boost,0,callback,jQuery191010205584275536239_1383609650244,_,1383609650356
1383610171,ok,1383610171,82.95.104.222,boost,1,callback,jQuery191010205584275536239_1383609650346,_,1383609650360
1383610173,ok,1383610173,82.95.104.222,boost,1,callback,jQuery191010205584275536239_1383609650346,_,1383609650361
1383610175,ok,1383610175,82.95.104.222,boost,0,callback,jQuery191010205584275536239_1383609650346,_,1383609650363
1383610176,ok,1383610176,82.95.104.222,boost,0,callback,jQuery191010205584275536239_1383609650244,_,1383609650365
1383610179,ok,1383610179,82.95.104.222,boost,1,callback,jQuery191010205584275536239_1383609650244,_,1383609650368
1383610183,ok,1383610183,82.95.104.222,boost,0,callback,jQuery191010205584275536239_1383609650244,_,1383609650370
1383611488,ok,1383611487,82.95.104.222,boost,1,callback,jQuery19107514661347959191_1383611473994,_,1383611473999
1383611496,ok,1383611496,82.95.104.222,boost,0,callback,jQuery19107514661347959191_1383611473994,_,1383611474004
1383635909,ok,1383635909,92.69.193.15,boost,1,callback,jQuery19107514661347959191_1383611473994,_,1383611474027
1383635914,ok,1383635914,92.69.193.15,boost,0,callback,jQuery19107514661347959191_1383611473994,_,1383611474029
1383638953,ok,1383638952,131.224.251.104,boost,1,callback,jQuery19104077770488606294_1383642539731,_,1383642539778
1383665519,ok,1383665519,195.169.134.54,boost,0,callback,jQuery19108022394666913897_1383665500891,_,1383665500897
1383675718,ok,1383675718,82.95.104.222,boost,1,callback,jQuery19106487807498779148_1383675693377,_,1383675693386
1383681409,ok,1383681408,82.95.104.222,boost,0,callback,jQuery19107882859637029469_1383681402373,_,1383681402375
1383693314,ok,1383693314,82.95.104.222,boost,1,callback,jQuery191046952815695295935_1383693296381,_,1383693296405
1383693317,ok,1383693317,82.95.104.222,boost,0,callback,jQuery191046952815695295935_1383693296381,_,1383693296407
1383693679,ok,1383693679,82.95.104.222,boost,1,callback,jQuery1910340930136785788_1383693615497,_,1383693615536
1383693774,ok,1383693773,82.95.104.222,boost,0,callback,jQuery1910340930136785788_1383693615497,_,1383693615619
1383693776,ok,1383693776,82.95.104.222,boost,0,callback,jQuery1910340930136785788_1383693615497,_,1383693615622
1383734557,ok,1383734557,131.224.251.103,boost,1,callback,jQuery19109988287510636941_1383728769372,_,1383728773896
1383734599,ok,1383734599,131.224.251.103,boost,0,callback,jQuery19109988287510636941_1383728769366,_,1383728773917
1383743805,ok,1383743805,131.224.251.103,boost,1,callback,jQuery19107608208200045555_1383747169327,_,1383747169514
1383743810,ok,1383743810,131.224.251.103,boost,0,callback,jQuery19107608208200045555_1383747169327,_,1383747169518
1383745921,ok,1383745921,131.224.251.104,boost,1,callback,jQuery19108507886786372937_1383749249470,_,1383749249675
1383745948,ok,1383745948,131.224.251.104,boost,0,callback,jQuery19108507886786372937_1383749249470,_,1383749249690
1383762113,ok,1383762113,92.69.225.171,boost,1,callback,jQuery19105435004001483321_1383762095507,_,1383762095516
1383766308,ok,1383766308,92.69.254.102,boost,0,callback,jQuery19105435004001483321_1383762095507,_,1383762095604
1383773224,ok,1383773224,92.69.199.17,boost,1,callback,jQuery19106217458497267216_1383773054192,_,1383773054308
1383773238,ok,1383773238,92.69.199.17,boost,0,callback,jQuery19106217458497267216_1383773054198,_,1383773054315
1383817801,ok,1383817801,131.224.251.104,boost,1,callback,jQuery19100319504021697985_1383820959953,_,1383820960263
1383817820,ok,1383817820,131.224.251.104,boost,0,callback,jQuery19100319504021697985_1383820959921,_,1383820960275
1383820032,ok,1383820032,131.224.251.103,boost,1,callback,jQuery19108787430548958055_1383823651053,_,1383823651097
1383821613,ok,1383821613,131.224.251.103,boost,0,callback,jQuery19108787430548958055_1383823651053,_,1383823651950
1383830929,ok,1383830929,131.224.251.104,boost,1,callback,jQuery19106054007577334909_1383834588780,_,1383834588801
1383830937,ok,1383830937,131.224.251.104,boost,0,callback,jQuery19106054007577334909_1383834588780,_,1383834588808
1383831194,ok,1383831194,131.224.251.104,boost,1,callback,jQuery191015698992778713816_1383834680533,_,1383834680655
1383846089,ok,1383846089,82.95.104.222,boost,0,callback,jQuery19101147809389512986_1383845991817,_,1383845991879
1383846313,ok,1383846313,82.95.104.222,boost,1,callback,jQuery19101147809389512986_1383845991821,_,1383845991965
1383853486,ok,1383853486,82.95.104.222,boost,0,callback,jQuery19107638698106950054_1383853489383,_,1383853489392
1383853767,ok,1383853767,82.95.104.222,boost,1,callback,jQuery19107638698106950054_1383853489383,_,1383853489579
1383853780,ok,1383853780,82.95.104.222,boost,0,callback,jQuery19107638698106950054_1383853489383,_,1383853489589
1383861899,ok,1383861899,82.95.104.222,boost,1,callback,jQuery191029850492253899574_1383861815815,_,1383861815868
1383861910,ok,1383861910,82.95.104.222,boost,0,callback,jQuery191029850492253899574_1383861815815,_,1383861815876
1383891038,ok,1383891038,82.95.104.222,boost,1,callback,jQuery19103298572751227766_1383890973429,_,1383890973463
1383891043,ok,1383891043,82.95.104.222,boost,0,callback,jQuery19103298572751227766_1383890973429,_,1383890973467
1383897732,ok,1383897732,131.224.251.103,boost,1,callback,jQuery19106752744748662338_1383901269538,_,1383901269632
1383897832,ok,1383897832,131.224.251.103,boost,0,callback,jQuery19102629541992921579_1383901529960,_,1383901529967
1383897878,ok,1383897877,131.224.251.103,boost,1,callback,jQuery19102629541992921579_1383901529962,_,1383901529990
1383898117,ok,1383898116,131.224.251.103,boost,0,callback,jQuery19102629541992921579_1383901529962,_,1383901530118
1383898157,ok,1383898157,131.224.251.103,boost,1,callback,jQuery19102629541992921579_1383901529962,_,1383901530141
1383900403,ok,1383900403,131.224.251.104,boost,0,callback,jQuery191025208061953273364_1383904084877,_,1383904084893
1383900417,ok,1383900417,131.224.251.103,boost,1,callback,jQuery1910898008765776711_1383904114837,_,1383904114840
1383900436,ok,1383900436,131.224.251.103,boost,0,callback,jQuery1910898008765776711_1383904114837,_,1383904114850
1383904383,ok,1383904383,131.224.251.104,boost,1,callback,jQuery1910898008765776711_1383904114835,_,1383904116966
1383904591,ok,1383904591,131.224.251.103,boost,0,callback,jQuery1910898008765776711_1383904114831,_,1383904117078
1383904597,ok,1383904597,131.224.251.104,boost,1,callback,jQuery1910898008765776711_1383904114835,_,1383904117084
1383904654,ok,1383904654,131.224.251.103,boost,0,callback,jQuery1910898008765776711_1383904114831,_,1383904117114
1383904657,ok,1383904657,131.224.251.103,boost,1,callback,jQuery1910898008765776711_1383904114831,_,1383904117116
1383904741,ok,1383904741,131.224.251.103,boost,0,callback,jQuery1910898008765776711_1383904114835,_,1383904117162
1383904745,ok,1383904745,131.224.251.103,boost,1,callback,jQuery1910898008765776711_1383904114835,_,1383904117165
1383904748,ok,1383904748,131.224.251.103,boost,0,callback,jQuery1910898008765776711_1383904114835,_,1383904117168
1383904751,ok,1383904751,131.224.251.103,boost,1,callback,jQuery1910898008765776711_1383904114835,_,1383904117171
1383904755,ok,1383904755,131.224.251.103,boost,0,callback,jQuery1910898008765776711_1383904114835,_,1383904117174
1383904767,ok,1383904767,131.224.251.103,boost,1,callback,jQuery19109251066246015076_1383908462756,_,1383908462763
1383904830,ok,1383904830,131.224.251.103,boost,0,callback,jQuery19109251066246015076_1383908462758,_,1383908462802
1383904841,ok,1383904841,131.224.251.103,boost,1,callback,jQuery19109251066246015076_1383908462758,_,1383908462806
1383904907,ok,1383904907,131.224.251.103,boost,0,callback,jQuery19105564169045482479_1383908597291,_,1383908597297
1383905478,ok,1383905478,131.224.251.104,boost,1,callback,jQuery191038750330181532733_1383909167125,_,1383909167130
1383905620,ok,1383905620,131.224.251.104,boost,0,callback,jQuery19105967563932081671_1383909298686,_,1383909298701
1383905627,ok,1383905627,131.224.251.104,boost,1,callback,jQuery19105967563932081671_1383909298686,_,1383909298704
1383905662,ok,1383905662,131.224.251.104,boost,0,callback,jQuery19105967563932081671_1383909298686,_,1383909298724
1383905676,ok,1383905676,131.224.251.104,boost,1,callback,jQuery19105967563932081671_1383909298686,_,1383909298731
1383905686,ok,1383905686,131.224.251.104,boost,0,callback,jQuery19105967563932081671_1383909298684,_,1383909298738
1383905691,ok,1383905690,131.224.251.104,boost,1,callback,jQuery19105967563932081671_1383909298684,_,1383909298740
1383905701,ok,1383905701,131.224.251.104,boost,0,callback,jQuery19105967563932081671_1383909298684,_,1383909298748
1383905708,ok,1383905708,131.224.251.104,boost,1,callback,jQuery19105967563932081671_1383909298684,_,1383909298750
1383906098,ok,1383906098,131.224.251.103,boost,0,callback,jQuery191023565030609237925_1383909792502,_,1383909792505
1383906105,ok,1383906105,131.224.251.103,boost,1,callback,jQuery191023565030609237925_1383909792502,_,1383909792508
1383906137,ok,1383906137,131.224.251.103,boost,0,callback,jQuery191023565030609237925_1383909792502,_,1383909792526
1383906148,ok,1383906148,131.224.251.103,boost,1,callback,jQuery191023565030609237925_1383909792502,_,1383909792534
1383906153,ok,1383906153,131.224.251.103,boost,0,callback,jQuery191023565030609237925_1383909792502,_,1383909792536
1383906172,ok,1383906172,131.224.251.103,boost,1,callback,jQuery191023565030609237925_1383909792502,_,1383909792547
1383906728,ok,1383906728,131.224.251.104,boost,0,callback,jQuery19104191766572419918_1383910415728,_,1383910415739
1383906732,ok,1383906732,131.224.251.104,boost,0,callback,jQuery19104191766572419918_1383910415728,_,1383910415744
1383906735,ok,1383906735,131.224.251.104,boost,0,callback,jQuery19104191766572419918_1383910415728,_,1383910415745
1383906746,ok,1383906746,131.224.251.104,boost,0,callback,jQuery19104191766572419918_1383910415728,_,1383910415748
1383906749,ok,1383906749,131.224.251.104,boost,0,callback,jQuery19104191766572419918_1383910415728,_,1383910415753
1383906753,ok,1383906753,131.224.251.104,boost,0,callback,jQuery19104191766572419918_1383910415728,_,1383910415754
1383906756,ok,1383906756,131.224.251.104,boost,0,callback,jQuery19104191766572419918_1383910415728,_,1383910415755
1383906763,ok,1383906763,131.224.251.104,boost,0,callback,jQuery19104191766572419918_1383910415728,_,1383910415759
1383906767,ok,1383906767,131.224.251.104,boost,0,callback,jQuery19104191766572419918_1383910415728,_,1383910415762
1383906770,ok,1383906770,131.224.251.104,boost,0,callback,jQuery19104191766572419918_1383910415728,_,1383910415763
1383906774,ok,1383906774,131.224.251.104,boost,0,callback,jQuery19104191766572419918_1383910415728,_,1383910415764
1383906783,ok,1383906783,131.224.251.103,boost,1,callback,jQuery1910106427149540407_1383910477257,_,1383910477266
1383906804,ok,1383906804,131.224.251.103,boost,0,callback,jQuery1910106427149540407_1383910477261,_,1383910477276
1383906814,ok,1383906814,131.224.251.103,boost,1,callback,jQuery1910106427149540407_1383910477261,_,1383910477283
1383906839,ok,1383906839,131.224.251.103,boost,0,callback,jQuery1910106427149540407_1383910477261,_,1383910477294
1383906846,ok,1383906846,131.224.251.103,boost,1,callback,jQuery1910106427149540407_1383910477261,_,1383910477300
1383906884,ok,1383906884,131.224.251.103,boost,0,callback,jQuery1910106427149540407_1383910477261,_,1383910477319
1383906895,ok,1383906895,131.224.251.103,boost,1,callback,jQuery1910106427149540407_1383910477261,_,1383910477326
1383906902,ok,1383906902,131.224.251.103,boost,0,callback,jQuery1910106427149540407_1383910477261,_,1383910477328
1383906933,ok,1383906933,131.224.251.103,boost,1,callback,jQuery1910106427149540407_1383910477261,_,1383910477345
1383906944,ok,1383906944,131.224.251.103,boost,0,callback,jQuery1910106427149540407_1383910477261,_,1383910477352
1383906958,ok,1383906958,131.224.251.103,boost,1,callback,jQuery1910106427149540407_1383910477257,_,1383910477359
1383907114,ok,1383907114,131.224.251.103,boost,0,callback,jQuery19105105789092793521_1383910809474,_,1383910809483
1383907121,ok,1383907121,131.224.251.103,boost,1,callback,jQuery19105105789092793521_1383910809474,_,1383910809486
1383907129,ok,1383907129,131.224.251.103,boost,0,callback,jQuery19105105789092793521_1383910809474,_,1383910809493
1383907237,ok,1383907237,131.224.251.103,boost,1,callback,jQuery19105105789092793521_1383910809474,_,1383910809551
1383907241,ok,1383907241,131.224.251.103,boost,0,callback,jQuery19105105789092793521_1383910809474,_,1383910809555
1383907445,ok,1383907445,131.224.251.104,boost,1,callback,jQuery19108432241300367738_1383911141406,_,1383911141409
1383907449,ok,1383907449,131.224.251.104,boost,0,callback,jQuery19108432241300367738_1383911141406,_,1383911141411
1383907454,ok,1383907454,131.224.251.104,boost,1,callback,jQuery19108432241300367738_1383911141406,_,1383911141413
1383907459,ok,1383907459,131.224.251.104,boost,0,callback,jQuery19108432241300367738_1383911141406,_,1383911141420
1383907463,ok,1383907463,131.224.251.104,boost,1,callback,jQuery19108432241300367738_1383911141406,_,1383911141422
1383907783,ok,1383907783,131.224.251.103,boost,0,callback,jQuery191003835302204907476_1383911474130,_,1383911474135
1383907792,ok,1383907792,131.224.251.103,boost,1,callback,jQuery191003835302204907476_1383911474126,_,1383911474142
1383907892,ok,1383907891,131.224.251.103,boost,0,callback,jQuery191003835302204907476_1383911474126,_,1383911474195
1383907940,ok,1383907940,131.224.251.103,boost,1,callback,jQuery191003835302204907476_1383911474126,_,1383911474223
1383907949,ok,1383907949,131.224.251.103,boost,0,callback,jQuery191003835302204907476_1383911474126,_,1383911474227
1383907962,ok,1383907962,131.224.251.103,boost,1,callback,jQuery191003835302204907476_1383911474126,_,1383911474237
1383908433,ok,1383908433,131.224.251.104,boost,0,callback,jQuery19105424618882412405_1383912128117,_,1383912128126
1383908447,ok,1383908446,131.224.251.104,boost,1,callback,jQuery19105424618882412405_1383912128123,_,1383912128135
1383908482,ok,1383908482,131.224.251.104,boost,0,callback,jQuery19105424618882412405_1383912128123,_,1383912128154
1383908488,ok,1383908488,131.224.251.104,boost,1,callback,jQuery19105424618882412405_1383912128123,_,1383912128157
1383908553,ok,1383908553,131.224.251.104,boost,0,callback,jQuery19105424618882412405_1383912128123,_,1383912128193
1383908582,ok,1383908581,131.224.251.104,boost,1,callback,jQuery19105424618882412405_1383912128123,_,1383912128210
1383908607,ok,1383908607,131.224.251.104,boost,0,callback,jQuery19105424618882412405_1383912128117,_,1383912128226
1383908635,ok,1383908635,131.224.251.104,boost,1,callback,jQuery19105424618882412405_1383912128123,_,1383912128242
1383908642,ok,1383908642,131.224.251.104,boost,0,callback,jQuery19105424618882412405_1383912128123,_,1383912128247
1383908678,ok,1383908678,131.224.251.104,boost,1,callback,jQuery19105424618882412405_1383912128123,_,1383912128269
1383908957,ok,1383908957,131.224.251.104,boost,0,callback,jQuery19105424618882412405_1383912128117,_,1383912128418
1383909043,ok,1383909043,131.224.251.104,boost,1,callback,jQuery19105424618882412405_1383912128117,_,1383912128471
1383909051,ok,1383909051,131.224.251.104,boost,0,callback,jQuery19105424618882412405_1383912128123,_,1383912128477
1383909054,ok,1383909054,131.224.251.104,boost,1,callback,jQuery19105424618882412405_1383912128123,_,1383912128479
1383909058,ok,1383909058,131.224.251.104,boost,0,callback,jQuery19105424618882412405_1383912128123,_,1383912128482
1383909065,ok,1383909065,131.224.251.104,boost,1,callback,jQuery19105424618882412405_1383912128123,_,1383912128487
1383909069,ok,1383909069,131.224.251.104,boost,0,callback,jQuery19105424618882412405_1383912128123,_,1383912128491
1383909071,ok,1383909071,131.224.251.104,boost,1,callback,jQuery19105424618882412405_1383912128123,_,1383912128493
1383909075,ok,1383909075,131.224.251.104,boost,0,callback,jQuery19105424618882412405_1383912128123,_,1383912128497
1383909342,ok,1383909342,131.224.251.103,boost,1,callback,jQuery19105779456858948828_1383913037069,_,1383913037072
1383909345,ok,1383909345,131.224.251.103,boost,0,callback,jQuery19105779456858948828_1383913037069,_,1383913037074
1383909488,ok,1383909488,131.224.251.103,boost,1,callback,jQuery19105779456858948828_1383913037069,_,1383913037152
1383909535,ok,1383909535,131.224.251.104,boost,0,callback,jQuery19105772434291215535_1383913203515,_,1383913203537
1383909542,ok,1383909542,131.224.251.104,boost,1,callback,jQuery19105772434291215535_1383913203515,_,1383913203542
1383909618,ok,1383909618,131.224.251.104,boost,0,callback,jQuery19105772434291215535_1383913203515,_,1383913203585
1383909897,ok,1383909897,131.224.251.104,boost,1,callback,jQuery19105772434291215535_1383913203515,_,1383913203737
1383909910,ok,1383909910,131.224.251.104,boost,0,callback,jQuery19105772434291215535_1383913203515,_,1383913203747
1383909990,ok,1383909990,131.224.251.104,boost,1,callback,jQuery19105772434291215535_1383913203519,_,1383913203792
1383913438,ok,1383913438,195.169.134.57,boost,0,callback,jQuery19103637707100715488_1383913428879,_,1383913428884
1383913449,ok,1383913449,195.169.134.57,boost,1,callback,jQuery19103637707100715488_1383913428879,_,1383913428888
1383913457,ok,1383913457,195.169.134.57,boost,0,callback,jQuery19103637707100715488_1383913428875,_,1383913428896
1383914017,ok,1383914017,131.224.251.103,boost,1,callback,jQuery191009877254961801385_1383917530894,_,1383917531031
1383919785,ok,1383919785,131.224.251.104,boost,0,callback,jQuery191009877254961801385_1383917530894,_,1383917534099
1383919792,ok,1383919792,131.224.251.104,boost,1,callback,jQuery191009877254961801385_1383917530900,_,1383917534104
1383927530,ok,1383927530,131.224.251.103,boost,0,callback,jQuery19106842289103568531_1383931213156,_,1383931213176
1383927534,ok,1383927534,131.224.251.103,boost,1,callback,jQuery19106842289103568531_1383931213156,_,1383931213179
1383927545,ok,1383927545,131.224.251.104,boost,0,callback,jQuery19106842289103568531_1383931213152,_,1383931213185
1383927933,ok,1383927933,195.169.134.61,boost,1,callback,jQuery1910004687427775934339_1383927922886,_,1383927922891
1383932589,ok,1383932589,82.95.104.222,boost,0,callback,jQuery19103984956839121878_1383929609092,_,1383929609248
1383932860,ok,1383932860,92.69.239.185,boost,1,callback,jQuery19100378586039878428_1383932848642,_,1383932848647
1383939025,ok,1383939025,82.95.104.222,boost,0,callback,jQuery191035760740167461336_1383939012282,_,1383939012290
1383941474,ok,1383941474,82.95.104.222,boost,1,callback,jQuery191023371201055124402_1383941465195,_,1383941465203
1383941477,ok,1383941477,82.95.104.222,boost,0,callback,jQuery191023371201055124402_1383941465195,_,1383941465205
1383941481,ok,1383941481,82.95.104.222,boost,1,callback,jQuery191023371201055124402_1383941465195,_,1383941465207
1383941501,ok,1383941501,82.95.104.222,boost,0,callback,jQuery191023371201055124402_1383941465197,_,1383941465221
1383944417,ok,1383944417,82.95.104.222,boost,1,callback,jQuery191023371201055124402_1383941465195,_,1383941465297
1383944893,ok,1383944893,188.207.77.152,boost,1,callback,jQuery19107922063167206943_1383944883957,_,1383944883961
1383944897,ok,1383944896,188.207.77.152,boost,0,callback,jQuery19107922063167206943_1383944883957,_,1383944883963
1383944899,ok,1383944899,188.207.77.152,boost,0,callback,jQuery19107922063167206943_1383944883957,_,1383944883965
1383944904,ok,1383944903,188.207.77.152,boost,1,callback,jQuery19107922063167206943_1383944883957,_,1383944883967
1383944906,ok,1383944906,188.207.77.152,boost,0,callback,jQuery19107922063167206943_1383944883955,_,1383944883972
1383944911,ok,1383944910,188.207.77.152,boost,1,callback,jQuery19107922063167206943_1383944883959,_,1383944883975
1383944914,ok,1383944914,188.207.77.152,boost,1,callback,jQuery19107922063167206943_1383944883959,_,1383944883977
1383944919,ok,1383944919,188.207.77.152,boost,0,callback,jQuery19107922063167206943_1383944883959,_,1383944883980
1383944923,ok,1383944923,188.207.77.152,boost,1,callback,jQuery19107922063167206943_1383944883955,_,1383944883985
1383944934,ok,1383944934,188.207.77.152,boost,0,callback,jQuery19107922063167206943_1383944883959,_,1383944883992
1383944945,ok,1383944944,188.207.77.152,boost,1,callback,jQuery19107922063167206943_1383944883959,_,1383944884000
1383945081,ok,1383945081,188.207.77.152,boost,1,callback,jQuery19107922063167206943_1383944883957,_,1383944884040
1383945085,ok,1383945084,188.207.77.152,boost,0,callback,jQuery19107922063167206943_1383944883957,_,1383944884043
1383945088,ok,1383945088,188.207.77.152,boost,0,callback,jQuery19107922063167206943_1383944883955,_,1383944884046
1383945092,ok,1383945091,188.207.77.152,boost,1,callback,jQuery19107922063167206943_1383944883955,_,1383944884048
1383945096,ok,1383945095,188.207.77.152,boost,0,callback,jQuery19107922063167206943_1383944883955,_,1383944884051
1383945101,ok,1383945101,188.207.77.152,boost,1,callback,jQuery19107922063167206943_1383944883955,_,1383944884056
1383945106,ok,1383945104,188.207.77.152,boost,0,callback,jQuery19107922063167206943_1383944883955,_,1383944884059
1383945109,ok,1383945108,188.207.77.152,boost,1,callback,jQuery19107922063167206943_1383944883955,_,1383944884061
1383945112,ok,1383945112,188.207.77.152,boost,0,callback,jQuery19107922063167206943_1383944883955,_,1383944884064
1383945115,ok,1383945115,188.207.77.152,boost,1,callback,jQuery19107922063167206943_1383944883955,_,1383944884067
1383945118,ok,1383945118,188.207.77.152,boost,0,callback,jQuery19107922063167206943_1383944883955,_,1383944884071
1383945123,ok,1383945122,188.207.77.152,boost,1,callback,jQuery19107922063167206943_1383944883955,_,1383944884073
1383945126,ok,1383945126,188.207.77.152,boost,0,callback,jQuery19107922063167206943_1383944883955,_,1383944884075
1383945130,ok,1383945129,188.207.77.152,boost,1,callback,jQuery19107922063167206943_1383944883957,_,1383944884079
1383945133,ok,1383945133,188.207.77.152,boost,0,callback,jQuery19107922063167206943_1383944883957,_,1383944884082
1383945143,ok,1383945142,188.207.77.152,boost,1,callback,jQuery19107922063167206943_1383944883955,_,1383944884087
1383945147,ok,1383945146,188.207.77.152,boost,0,callback,jQuery19107922063167206943_1383944883957,_,1383944884091
1383945199,ok,1383945199,188.207.77.152,boost,1,callback,jQuery191027385944966226816_1383945190392,_,1383945190394
1383945203,ok,1383945202,188.207.77.152,boost,0,callback,jQuery191027385944966226816_1383945190392,_,1383945190396
1383945205,ok,1383945205,188.207.77.152,boost,0,callback,jQuery191027385944966226816_1383945190392,_,1383945190398
1383945208,ok,1383945208,188.207.77.152,boost,1,callback,jQuery191027385944966226816_1383945190392,_,1383945190400
1383945213,ok,1383945213,188.207.77.152,boost,0,callback,jQuery191027385944966226816_1383945190388,_,1383945190403
1383945215,ok,1383945215,188.207.77.152,boost,1,callback,jQuery191027385944966226816_1383945190386,_,1383945190408
1383945219,ok,1383945219,188.207.77.152,boost,0,callback,jQuery191027385944966226816_1383945190386,_,1383945190410
1383945223,ok,1383945222,188.207.77.152,boost,1,callback,jQuery191027385944966226816_1383945190386,_,1383945190412
1383945230,ok,1383945230,188.207.77.152,boost,0,callback,jQuery191027385944966226816_1383945190390,_,1383945190419
1383945234,ok,1383945233,188.207.77.152,boost,1,callback,jQuery191027385944966226816_1383945190390,_,1383945190421
1383945236,ok,1383945236,188.207.77.152,boost,0,callback,jQuery191027385944966226816_1383945190390,_,1383945190423
1383945240,ok,1383945240,188.207.77.152,boost,1,callback,jQuery191027385944966226816_1383945190390,_,1383945190425
1383945244,ok,1383945244,188.207.77.152,boost,0,callback,jQuery191027385944966226816_1383945190384,_,1383945190428
1383945247,ok,1383945247,188.207.77.152,boost,1,callback,jQuery191027385944966226816_1383945190384,_,1383945190433
1383945250,ok,1383945250,188.207.77.152,boost,0,callback,jQuery191027385944966226816_1383945190384,_,1383945190435
1383945264,ok,1383945264,188.207.77.152,boost,1,callback,jQuery191027385944966226816_1383945190390,_,1383945190444
1383945266,ok,1383945266,188.207.77.152,boost,0,callback,jQuery191027385944966226816_1383945190390,_,1383945190446
1383946226,ok,1383946226,188.207.77.152,boost,1,callback,jQuery191044612841005437076_1383946215531,_,1383946215536
1383946233,ok,1383946233,188.207.77.152,boost,0,callback,jQuery191044612841005437076_1383946215531,_,1383946215539
1383946239,ok,1383946239,188.207.77.152,boost,1,callback,jQuery191044612841005437076_1383946215533,_,1383946215546
1383946246,ok,1383946246,188.207.77.152,boost,0,callback,jQuery191044612841005437076_1383946215531,_,1383946215549
1383989882,ok,1383989882,188.207.70.173,boost,1,callback,jQuery19107954619619995356_1383989825995,_,1383989826025
1383989887,ok,1383989887,188.207.70.173,boost,0,callback,jQuery19107954619619995356_1383989825995,_,1383989826027
1383990245,ok,1383990245,82.95.104.222,boost,1,callback,jQuery19104140578992664814_1383990216390,_,1383990216402
1383990252,ok,1383990252,82.95.104.222,boost,0,callback,jQuery19104140578992664814_1383990216390,_,1383990216405
1383990260,ok,1383990260,82.95.104.222,boost,1,callback,jQuery19104140578992664814_1383990216390,_,1383990216412
1383990268,ok,1383990267,82.95.104.222,boost,0,callback,jQuery19104140578992664814_1383990216390,_,1383990216415
1383990310,ok,1383990310,82.95.104.222,boost,1,callback,jQuery19104140578992664814_1383990216390,_,1383990216440
1383990398,ok,1383990397,82.95.104.222,boost,0,callback,jQuery191023143577855080366_1383990616426,_,1383990616432
1383990404,ok,1383990404,82.95.104.222,boost,1,callback,jQuery191023143577855080366_1383990616426,_,1383990616438
1383990429,ok,1383990429,82.95.104.222,boost,0,callback,jQuery19104140578992664814_1383990216388,_,1383990216458
1383990439,ok,1383990438,82.95.104.222,boost,1,callback,jQuery19104140578992664814_1383990216388,_,1383990216463
1383990449,ok,1383990449,82.95.104.222,boost,0,callback,jQuery19104140578992664814_1383990216388,_,1383990216470
1383990530,ok,1383990529,82.95.104.222,boost,1,callback,jQuery19104140578992664814_1383990216390,_,1383990216528
1384003943,ok,1384003943,82.95.104.222,boost,0,callback,jQuery1910937711834288158_1384003939517,_,1384003939528
1384003949,ok,1384003949,82.95.104.222,boost,1,callback,jQuery1910937711834288158_1384003939517,_,1384003939530
1384003973,ok,1384003973,82.95.104.222,boost,0,callback,jQuery1910937711834288158_1384003939517,_,1384003939542
1384003984,ok,1384003984,82.95.104.222,boost,1,callback,jQuery1910937711834288158_1384003939517,_,1384003939550
1384003986,ok,1384003985,82.95.104.222,boost,0,callback,jQuery1910937711834288158_1384003939517,_,1384003939552
1384003987,ok,1384003986,82.95.104.222,boost,0,callback,jQuery1910937711834288158_1384003939517,_,1384003939553
1384003988,ok,1384003987,82.95.104.222,boost,1,callback,jQuery1910937711834288158_1384003939517,_,1384003939554
1384003988,ok,1384003988,82.95.104.222,boost,1,callback,jQuery1910937711834288158_1384003939517,_,1384003939555
1384003989,ok,1384003989,82.95.104.222,boost,0,callback,jQuery1910937711834288158_1384003939517,_,1384003939557
1384003990,ok,1384003990,82.95.104.222,boost,0,callback,jQuery1910937711834288158_1384003939517,_,1384003939559
1384003991,ok,1384003991,82.95.104.222,boost,1,callback,jQuery1910937711834288158_1384003939517,_,1384003939561
1384003992,ok,1384003992,82.95.104.222,boost,1,callback,jQuery1910937711834288158_1384003939517,_,1384003939563
1384003993,ok,1384003993,82.95.104.222,boost,0,callback,jQuery1910937711834288158_1384003939517,_,1384003939566
1384003993,ok,1384003993,82.95.104.222,boost,0,callback,jQuery1910937711834288158_1384003939517,_,1384003939567
1384003995,ok,1384003994,82.95.104.222,boost,1,callback,jQuery1910937711834288158_1384003939517,_,1384003939568
1384003997,ok,1384003997,82.95.104.222,boost,0,callback,jQuery1910937711834288158_1384003939517,_,1384003939570
1384004001,ok,1384004001,82.95.104.222,boost,1,callback,jQuery1910937711834288158_1384003939517,_,1384003939572
1384013947,ok,1384013947,82.95.104.222,boost,0,callback,jQuery19103701856513507664_1384013934999,_,1384013935006
1384014897,ok,1384014896,82.95.104.222,boost,1,callback,jQuery191036786612728610635_1384014875208,_,1384014875214
1384020649,ok,1384020649,82.95.104.222,boost,0,callback,jQuery191036786612728610635_1384014875206,_,1384014875373
1384020761,ok,1384020760,92.69.226.136,boost,1,callback,jQuery191009381467616185546_1384020743896,_,1384020743900
1384020765,ok,1384020765,92.69.226.136,boost,0,callback,jQuery191009381467616185546_1384020743892,_,1384020743903
1384026875,ok,1384026875,82.95.104.222,boost,1,callback,jQuery19106054074408020824_1384026857852,_,1384026857857
1384026881,ok,1384026880,82.95.104.222,boost,0,callback,jQuery19106054074408020824_1384026857852,_,1384026857859
1384026895,ok,1384026895,82.95.104.222,boost,1,callback,jQuery19106054074408020824_1384026857850,_,1384026857868
1384028174,ok,1384028174,82.95.104.222,boost,0,callback,jQuery19107332330020144582_1384028165920,_,1384028165926
1384034673,ok,1384034673,82.95.104.222,boost,1,callback,jQuery191044322706083767116_1384034420911,_,1384034420960
1384034678,ok,1384034678,82.95.104.222,boost,0,callback,jQuery191044322706083767116_1384034420911,_,1384034420962
1384079611,ok,1384079611,82.95.104.222,boost,1,callback,jQuery19102858126456849277_1384079544621,_,1384079544655
1384079615,ok,1384079615,82.95.104.222,boost,0,callback,jQuery19102858126456849277_1384079544625,_,1384079544658
1384079621,ok,1384079621,82.95.104.222,boost,1,callback,jQuery19102858126456849277_1384079544621,_,1384079544664
1384079635,ok,1384079635,82.95.104.222,boost,0,callback,jQuery19102858126456849277_1384079544625,_,1384079544673
1384079648,ok,1384079648,82.95.104.222,boost,1,callback,jQuery19102858126456849277_1384079544625,_,1384079544679
1384079657,ok,1384079657,82.95.104.222,boost,0,callback,jQuery19102858126456849277_1384079544625,_,1384079544686
1384119168,ok,1384119167,82.95.104.222,boost,1,callback,jQuery191030973711563274264_1384119163089,_,1384119163093
1384119170,ok,1384119170,82.95.104.222,boost,0,callback,jQuery191030973711563274264_1384119163089,_,1384119163095
1384119212,ok,1384119212,82.95.104.222,boost,1,callback,jQuery191030973711563274264_1384119163087,_,1384119163120
1384119215,ok,1384119215,82.95.104.222,boost,0,callback,jQuery191030973711563274264_1384119163089,_,1384119163126
1384171710,ok,1384171710,82.95.104.222,boost,1,callback,jQuery19109296481207852514_1384171629276,_,1384171629321
1384171716,ok,1384171715,82.95.104.222,boost,1,callback,jQuery19109296481207852514_1384171629276,_,1384171629327
1384171763,ok,1384171762,82.95.104.222,boost,1,callback,jQuery19109296481207852514_1384171629276,_,1384171629352
1384172371,ok,1384172370,82.95.104.222,boost,0,callback,jQuery19109296481207852514_1384171629272,_,1384171629676
1384172376,ok,1384172375,82.95.104.222,boost,1,callback,jQuery19109296481207852514_1384171629272,_,1384171629680
1384172381,ok,1384172381,82.95.104.222,boost,0,callback,jQuery19109296481207852514_1384171629272,_,1384171629683
1384172387,ok,1384172387,82.95.104.222,boost,1,callback,jQuery19109296481207852514_1384171629272,_,1384171629688
1384172513,ok,1384172513,82.95.104.222,boost,0,callback,jQuery19109296481207852514_1384171629272,_,1384171629764
1384173400,ok,1384173400,82.95.104.222,boost,1,callback,jQuery19107903645756118198_1384173183903,_,1384173184051
1384174264,ok,1384174263,82.95.104.222,boost,1,callback,jQuery19107903645756118198_1384173183903,_,1384173184510
1384177991,ok,1384177991,82.95.104.222,boost,1,callback,jQuery19108169236846733838_1384177961379,_,1384177961393
1384177998,ok,1384177998,82.95.104.222,boost,0,callback,jQuery19108169236846733838_1384177961379,_,1384177961400
1384178146,ok,1384178146,82.95.104.222,boost,1,callback,jQuery19108169236846733838_1384177961375,_,1384177961410
1384178157,ok,1384178157,82.95.104.222,boost,0,callback,jQuery19108169236846733838_1384177961379,_,1384177961418
1384179072,ok,1384179072,92.69.244.109,boost,1,callback,jQuery191033805685164406896_1384179067237,_,1384179067239
1384179216,ok,1384179216,92.69.244.109,boost,0,callback,jQuery19103671441110782325_1384179083328,_,1384179083392
1384179227,ok,1384179227,92.69.244.109,boost,1,callback,jQuery19103671441110782325_1384179083328,_,1384179083398
1384179231,ok,1384179230,92.69.244.109,boost,0,callback,jQuery19103671441110782325_1384179083328,_,1384179083401
1384185928,ok,1384185928,82.95.104.222,boost,1,callback,jQuery19109648411329835653_1384185888695,_,1384185888717
1384185950,ok,1384185950,82.95.104.222,boost,0,callback,jQuery19109648411329835653_1384185888697,_,1384185888729
1384185983,ok,1384185983,82.95.104.222,boost,1,callback,jQuery19109648411329835653_1384185888695,_,1384185888747
1384185988,ok,1384185987,82.95.104.222,boost,0,callback,jQuery19109648411329835653_1384185888697,_,1384185888751
1384185989,ok,1384185989,82.95.104.222,boost,0,callback,jQuery19109648411329835653_1384185888695,_,1384185888754
1384196955,ok,1384196954,82.95.104.222,boost,1,callback,jQuery19105915036255028099_1384196947328,_,1384196947331
1384196979,ok,1384196978,82.95.104.222,boost,0,callback,jQuery19105915036255028099_1384196947328,_,1384196947333
1384196979,ok,1384196978,82.95.104.222,boost,0,callback,jQuery19105915036255028099_1384196947322,_,1384196947336
1384196979,ok,1384196979,82.95.104.222,boost,0,callback,jQuery19105915036255028099_1384196947346,_,1384196947347
1384196979,ok,1384196979,82.95.104.222,boost,0,callback,jQuery19105915036255028099_1384196947352,_,1384196947353
1384196993,ok,1384196993,82.95.104.222,boost,1,callback,jQuery19105915036255028099_1384196947354,_,1384196947366
1384196995,ok,1384196995,82.95.104.222,boost,0,callback,jQuery19105915036255028099_1384196947354,_,1384196947368
1384197049,ok,1384197049,82.95.104.222,boost,1,callback,jQuery19105915036255028099_1384196947352,_,1384196947402
1384197851,ok,1384197851,82.95.104.222,boost,0,callback,jQuery191023227810487151146_1384197844497,_,1384197844504
1384206134,ok,1384206134,82.95.104.222,boost,1,callback,jQuery1910023700678668403086_1384206083612,_,1384206083641
1384211582,ok,1384211582,82.95.104.222,boost,1,callback,jQuery1910023700678668403086_1384206083608,_,1384206086535
1384211671,ok,1384211671,82.95.104.222,boost,1,callback,jQuery1910023700678668403086_1384206083608,_,1384206086583
1384211677,ok,1384211677,82.95.104.222,boost,0,callback,jQuery1910023700678668403086_1384206083608,_,1384206086587
1384211881,ok,1384211881,82.95.104.222,boost,1,callback,jQuery19107159235139843076_1384211821512,_,1384211821556
1384211886,ok,1384211885,82.95.104.222,boost,0,callback,jQuery19107159235139843076_1384211821512,_,1384211821558
1384212226,ok,1384212226,82.95.104.222,boost,1,callback,jQuery19107056622905656695_1384212191131,_,1384212191154
1384212231,ok,1384212230,82.95.104.222,boost,0,callback,jQuery19107056622905656695_1384212191131,_,1384212191156
1384238084,ok,1384238084,82.95.104.222,boost,1,callback,jQuery19107056622905656695_1384212191135,_,1384212191320
1384238087,ok,1384238087,82.95.104.222,boost,0,callback,jQuery19107056622905656695_1384212191135,_,1384212191322
1384363317,ok,1384363317,82.95.104.222,boost,1,callback,jQuery19104753690951038152_1384363299261,_,1384363299271
1384363339,ok,1384363339,82.95.104.222,boost,0,callback,jQuery19104753690951038152_1384363299261,_,1384363299286
1384467857,ok,1384467857,82.95.104.222,boost,1,callback,jQuery19107299072560854256_1384467823920,_,1384467823936
1384467863,ok,1384467862,82.95.104.222,boost,0,callback,jQuery19107299072560854256_1384467823918,_,1384467823943
1384547420,ok,1384547420,82.95.104.222,boost,1,callback,jQuery1910699694334063679_1384547368695,_,1384547368718
1384872185,ok,1384872184,195.169.134.59,boost,0,callback,jQuery191003822415880858898_1384872169874,_,1384872169882
1384872205,ok,1384872205,195.169.134.59,boost,1,callback,jQuery191003822415880858898_1384872169874,_,1384872169893
1384902249,ok,1384902248,82.95.104.222,boost,1,callback,jQuery191008152032643556595_1384902159027,_,1384902159085
1384902256,ok,1384902256,82.95.104.222,boost,0,callback,jQuery191008152032643556595_1384902159027,_,1384902159089
1384981218,ok,1384981218,82.95.104.222,boost,1,callback,jQuery1910050704462453722954_1384981200086,_,1384981200096
1384981221,ok,1384981221,82.95.104.222,boost,0,callback,jQuery1910050704462453722954_1384981200082,_,1384981200100
1385070256,ok,1385070256,82.95.104.222,boost,1,callback,jQuery19108893849013838917_1385070153852,_,1385070153923
1385070269,ok,1385070269,82.95.104.222,boost,0,callback,jQuery19108893849013838917_1385070153846,_,1385070153929
1385070528,ok,1385070528,82.95.104.222,boost,1,callback,jQuery19108893849013838917_1385070153850,_,1385070153977
1385070564,ok,1385070564,82.95.104.222,boost,0,callback,jQuery19108893849013838917_1385070153846,_,1385070153997
1385405641,ok,1385405641,82.95.104.222,boost,1,callback,jQuery19103127355213435311_1385405560093,_,1385405560143
1385405689,ok,1385405689,82.95.104.222,boost,0,callback,jQuery19103127355213435311_1385405560093,_,1385405560169
1385405894,ok,1385405893,82.95.104.222,boost,1,callback,jQuery19103127355213435311_1385405560093,_,1385405560294
1385405898,ok,1385405898,82.95.104.222,boost,0,callback,jQuery19103127355213435311_1385405560091,_,1385405560297
1385578473,ok,1385578472,82.95.104.222,boost,1,callback,jQuery19104413117601070553_1385578463671,_,1385578463677
1385584345,ok,1385584344,82.95.104.222,boost,0,callback,jQuery19107122390340922323_1385584340791,_,1385584340794
